2026-09-24 21:36:49,879 | INFO | sqlalchemy.engine.Engine | select pg_catalog.version()
2026-09-24 21:36:49,880 | INFO | sqlalchemy.engine.Engine | [raw sql] {}
2026-09-24 21:36:49,885 | INFO | sqlalchemy.engine.Engine | select current_schema()
2026-09-24 21:36:49,885 | INFO | sqlalchemy.engine.Engine | [raw sql] {}
2026-09-24 21:36:49,889 | INFO | sqlalchemy.engine.Engine | show standard_conforming_strings
2026-09-24 21:36:49,890 | INFO | sqlalchemy.engine.Engine | [raw sql] {}
2026-09-24 21:36:49,891 | INFO | sqlalchemy.engine.Engine | BEGIN (implicit)
2026-09-24 21:36:49,896 | INFO | sqlalchemy.engine.Engine | SELECT pg_catalog.pg_class.relname 
FROM pg_catalog.pg_class JOIN pg_catalog.pg_namespace ON pg_catalog.pg_namespace.oid = pg_catalog.pg_class.relnamespace 
WHERE pg_catalog.pg_class.relname = %(table_name)s AND pg_catalog.pg_class.relkind = ANY (ARRAY[%(param_1)s, %(param_2)s, %(param_3)s, %(param_4)s, %(param_5)s]) AND pg_catalog.pg_table_is_visible(pg_catalog.pg_class.oid) AND pg_catalog.pg_namespace.nspname != %(nspname_1)s
2026-09-24 21:36:49,897 | INFO | sqlalchemy.engine.Engine | [generated in 0.00077s] {'table_name': 'users', 'param_1': 'r', 'param_2': 'p', 'param_3': 'f', 'param_4': 'v', 'param_5': 'm', 'nspname_1': 'pg_catalog'}
2026-09-24 21:36:49,912 | INFO | sqlalchemy.engine.Engine | SELECT pg_catalog.pg_class.relname 
FROM pg_catalog.pg_class JOIN pg_catalog.pg_namespace ON pg_catalog.pg_namespace.oid = pg_catalog.pg_class.relnamespace 
WHERE pg_catalog.pg_class.relname = %(table_name)s AND pg_catalog.pg_class.relkind = ANY (ARRAY[%(param_1)s, %(param_2)s, %(param_3)s, %(param_4)s, %(param_5)s]) AND pg_catalog.pg_table_is_visible(pg_catalog.pg_class.oid) AND pg_catalog.pg_namespace.nspname != %(nspname_1)s
2026-09-24 21:36:49,913 | INFO | sqlalchemy.engine.Engine | [cached since 0.0169s ago] {'table_name': 'products', 'param_1': 'r', 'param_2': 'p', 'param_3': 'f', 'param_4': 'v', 'param_5': 'm', 'nspname_1': 'pg_catalog'}
2026-09-24 21:36:49,921 | INFO | sqlalchemy.engine.Engine | COMMIT
2026-09-24 21:36:53,420 | INFO | sqlalchemy.engine.Engine | select pg_catalog.version()
2026-09-24 21:36:53,421 | INFO | sqlalchemy.engine.Engine | [raw sql] {}
2026-09-24 21:36:53,423 | INFO | sqlalchemy.engine.Engine | select current_schema()
2026-09-24 21:36:53,423 | INFO | sqlalchemy.engine.Engine | [raw sql] {}
2026-09-24 21:36:53,424 | INFO | sqlalchemy.engine.Engine | show standard_conforming_strings
2026-09-24 21:36:53,424 | INFO | sqlalchemy.engine.Engine | [raw sql] {}
2026-09-24 21:36:53,425 | INFO | sqlalchemy.engine.Engine | BEGIN (implicit)
2026-09-24 21:36:53,430 | INFO | sqlalchemy.engine.Engine | SELECT pg_catalog.pg_class.relname 
FROM pg_catalog.pg_class JOIN pg_catalog.pg_namespace ON pg_catalog.pg_namespace.oid = pg_catalog.pg_class.relnamespace 
WHERE pg_catalog.pg_class.relname = %(table_name)s AND pg_catalog.pg_class.relkind = ANY (ARRAY[%(param_1)s, %(param_2)s, %(param_3)s, %(param_4)s, %(param_5)s]) AND pg_catalog.pg_table_is_visible(pg_catalog.pg_class.oid) AND pg_catalog.pg_namespace.nspname != %(nspname_1)s
2026-09-24 21:36:53,430 | INFO | sqlalchemy.engine.Engine | [generated in 0.00049s] {'table_name': 'users', 'param_1': 'r', 'param_2': 'p', 'param_3': 'f', 'param_4': 'v', 'param_5': 'm', 'nspname_1': 'pg_catalog'}
2026-09-24 21:36:53,444 | INFO | sqlalchemy.engine.Engine | SELECT pg_catalog.pg_class.relname 
FROM pg_catalog.pg_class JOIN pg_catalog.pg_namespace ON pg_catalog.pg_namespace.oid = pg_catalog.pg_class.relnamespace 
WHERE pg_catalog.pg_class.relname = %(table_name)s AND pg_catalog.pg_class.relkind = ANY (ARRAY[%(param_1)s, %(param_2)s, %(param_3)s, %(param_4)s, %(param_5)s]) AND pg_catalog.pg_table_is_visible(pg_catalog.pg_class.oid) AND pg_catalog.pg_namespace.nspname != %(nspname_1)s
2026-09-24 21:36:53,444 | INFO | sqlalchemy.engine.Engine | [cached since 0.01437s ago] {'table_name': 'products', 'param_1': 'r', 'param_2': 'p', 'param_3': 'f', 'param_4': 'v', 'param_5': 'm', 'nspname_1': 'pg_catalog'}
2026-09-24 21:36:53,447 | INFO | sqlalchemy.engine.Engine | COMMIT
2026-09-24 21:37:13,680 | INFO | main | /country endpoint called....
2026-09-24 21:37:27,875 | INFO | watchfiles.main | 1 change detected
2026-09-24 21:37:28,227 | INFO | watchfiles.main | 1 change detected
2026-09-24 21:37:28,586 | INFO | watchfiles.main | 1 change detected
2026-09-24 21:37:28,972 | INFO | watchfiles.main | 1 change detected
2026-09-24 21:37:29,328 | INFO | watchfiles.main | 1 change detected
2026-09-24 21:37:29,687 | INFO | watchfiles.main | 1 change detected
2026-09-24 21:37:30,048 | INFO | watchfiles.main | 1 change detected
2026-09-24 21:37:30,414 | INFO | watchfiles.main | 1 change detected
2026-09-24 21:37:30,771 | INFO | watchfiles.main | 1 change detected
2026-09-24 21:37:31,127 | INFO | watchfiles.main | 1 change detected
2026-09-24 21:37:31,486 | INFO | watchfiles.main | 1 change detected
2026-09-24 21:37:31,851 | INFO | watchfiles.main | 1 change detected
2026-09-24 21:37:32,203 | INFO | watchfiles.main | 1 change detected
2026-09-24 21:37:32,557 | INFO | watchfiles.main | 1 change detected
2026-09-24 21:37:32,914 | INFO | watchfiles.main | 1 change detected
2026-09-24 21:37:33,271 | INFO | watchfiles.main | 1 change detected
2026-09-24 21:37:33,621 | INFO | watchfiles.main | 1 change detected
2026-09-24 21:37:33,983 | INFO | watchfiles.main | 1 change detected
2026-09-24 21:37:34,341 | INFO | watchfiles.main | 1 change detected
2026-09-24 21:37:34,699 | INFO | watchfiles.main | 1 change detected
2026-09-24 21:37:35,057 | INFO | watchfiles.main | 1 change detected
2026-09-24 21:37:35,418 | INFO | watchfiles.main | 1 change detected
2026-09-24 21:37:35,783 | INFO | watchfiles.main | 1 change detected
2026-09-24 21:37:36,139 | INFO | watchfiles.main | 1 change detected
2026-09-24 21:37:36,497 | INFO | watchfiles.main | 1 change detected
2026-09-24 21:37:36,855 | INFO | watchfiles.main | 1 change detected
2026-09-24 21:37:37,217 | INFO | watchfiles.main | 1 change detected
2026-09-24 21:37:37,582 | INFO | watchfiles.main | 1 change detected
2026-09-24 21:37:37,941 | INFO | watchfiles.main | 1 change detected
2026-09-24 21:37:38,296 | INFO | watchfiles.main | 1 change detected
2026-09-24 21:37:38,651 | INFO | watchfiles.main | 1 change detected
2026-09-24 21:37:39,008 | INFO | watchfiles.main | 1 change detected
2026-09-24 21:37:39,364 | INFO | watchfiles.main | 1 change detected
2026-09-24 21:37:39,722 | INFO | watchfiles.main | 1 change detected
2026-09-24 21:37:40,082 | INFO | watchfiles.main | 1 change detected
2026-09-24 21:37:40,448 | INFO | watchfiles.main | 1 change detected
2026-09-24 21:37:40,804 | INFO | watchfiles.main | 1 change detected
2026-09-24 21:37:41,155 | INFO | watchfiles.main | 1 change detected
2026-09-24 21:37:41,516 | INFO | watchfiles.main | 1 change detected
2026-09-24 21:37:41,873 | INFO | watchfiles.main | 1 change detected
2026-09-24 21:37:42,229 | INFO | watchfiles.main | 1 change detected
2026-09-24 21:37:42,587 | INFO | watchfiles.main | 1 change detected
2026-09-24 21:37:42,947 | INFO | watchfiles.main | 1 change detected
2026-09-24 21:37:43,306 | INFO | watchfiles.main | 1 change detected
2026-09-24 21:37:43,663 | INFO | watchfiles.main | 1 change detected
2026-09-24 21:37:44,021 | INFO | watchfiles.main | 1 change detected
2026-09-24 21:37:44,377 | INFO | watchfiles.main | 1 change detected
2026-09-24 21:37:44,733 | INFO | watchfiles.main | 1 change detected
2026-09-24 21:37:45,091 | INFO | watchfiles.main | 1 change detected
2026-09-24 21:37:45,451 | INFO | watchfiles.main | 1 change detected
2026-09-24 21:37:45,806 | INFO | watchfiles.main | 1 change detected
2026-09-24 21:37:46,168 | INFO | watchfiles.main | 1 change detected
2026-09-24 21:37:46,523 | INFO | watchfiles.main | 1 change detected
2026-09-24 21:37:46,877 | INFO | watchfiles.main | 1 change detected
2026-09-24 21:37:47,236 | INFO | watchfiles.main | 1 change detected
2026-09-24 21:37:47,593 | INFO | watchfiles.main | 1 change detected
2026-09-24 21:37:47,947 | INFO | watchfiles.main | 1 change detected
2026-09-24 21:37:48,303 | INFO | watchfiles.main | 1 change detected
2026-09-24 21:37:48,662 | INFO | watchfiles.main | 1 change detected
2026-09-24 21:37:49,019 | INFO | watchfiles.main | 1 change detected
2026-09-24 21:37:49,373 | INFO | watchfiles.main | 1 change detected
2026-09-24 21:37:49,733 | INFO | watchfiles.main | 1 change detected
2026-09-24 21:37:50,093 | INFO | watchfiles.main | 1 change detected
2026-09-24 21:37:50,450 | INFO | watchfiles.main | 1 change detected
2026-09-24 21:37:50,830 | INFO | watchfiles.main | 1 change detected
2026-09-24 21:37:51,196 | INFO | watchfiles.main | 1 change detected
2026-09-24 21:37:51,548 | INFO | watchfiles.main | 1 change detected
2026-09-24 21:37:51,909 | INFO | watchfiles.main | 1 change detected
2026-09-24 21:37:52,266 | INFO | watchfiles.main | 1 change detected
2026-09-24 21:37:52,625 | INFO | watchfiles.main | 1 change detected
2026-09-24 21:37:52,982 | INFO | watchfiles.main | 1 change detected
2026-09-24 21:37:53,338 | INFO | watchfiles.main | 1 change detected
2026-09-24 21:37:53,694 | INFO | watchfiles.main | 1 change detected
2026-09-24 21:37:54,057 | INFO | watchfiles.main | 1 change detected
2026-09-24 21:37:54,412 | INFO | watchfiles.main | 1 change detected
2026-09-24 21:37:54,764 | INFO | watchfiles.main | 1 change detected
2026-09-24 21:37:55,119 | INFO | watchfiles.main | 1 change detected
2026-09-24 21:37:55,478 | INFO | watchfiles.main | 1 change detected
2026-09-24 21:37:55,834 | INFO | watchfiles.main | 1 change detected
2026-09-24 21:37:56,193 | INFO | watchfiles.main | 1 change detected
2026-09-24 21:37:56,551 | INFO | watchfiles.main | 1 change detected
2026-09-24 21:37:56,910 | INFO | watchfiles.main | 1 change detected
2026-09-24 21:37:57,264 | INFO | watchfiles.main | 1 change detected
2026-09-24 21:37:57,623 | INFO | watchfiles.main | 1 change detected
2026-09-24 21:37:57,981 | INFO | watchfiles.main | 1 change detected
2026-09-24 21:37:58,339 | INFO | watchfiles.main | 1 change detected
2026-09-24 21:37:58,694 | INFO | watchfiles.main | 1 change detected
2026-09-24 21:37:59,056 | INFO | watchfiles.main | 1 change detected
2026-09-24 21:37:59,414 | INFO | watchfiles.main | 1 change detected
2026-09-24 21:37:59,772 | INFO | watchfiles.main | 1 change detected
2026-09-24 21:38:00,128 | INFO | watchfiles.main | 1 change detected
2026-09-24 21:38:00,484 | INFO | watchfiles.main | 1 change detected
2026-09-24 21:38:00,840 | INFO | watchfiles.main | 1 change detected
2026-09-24 21:38:01,194 | INFO | watchfiles.main | 1 change detected
2026-09-24 21:38:01,553 | INFO | watchfiles.main | 1 change detected
2026-09-24 21:38:01,910 | INFO | watchfiles.main | 1 change detected
2026-09-24 21:38:02,280 | INFO | watchfiles.main | 1 change detected
2026-09-24 21:38:02,647 | INFO | watchfiles.main | 1 change detected
2026-09-24 21:38:03,005 | INFO | watchfiles.main | 1 change detected
2026-09-24 21:38:03,364 | INFO | watchfiles.main | 1 change detected
2026-09-24 21:38:03,720 | INFO | watchfiles.main | 1 change detected
2026-09-24 21:38:04,079 | INFO | watchfiles.main | 1 change detected
2026-09-24 21:38:04,441 | INFO | watchfiles.main | 1 change detected
2026-09-24 21:38:04,799 | INFO | watchfiles.main | 1 change detected
2026-09-24 21:38:05,157 | INFO | watchfiles.main | 1 change detected
2026-09-24 21:38:05,517 | INFO | watchfiles.main | 1 change detected
2026-09-24 21:38:05,881 | INFO | watchfiles.main | 1 change detected
2026-09-24 21:38:06,244 | INFO | watchfiles.main | 1 change detected
2026-09-24 21:38:06,601 | INFO | watchfiles.main | 1 change detected
2026-09-24 21:38:06,955 | INFO | watchfiles.main | 1 change detected
2026-09-24 21:38:07,308 | INFO | watchfiles.main | 1 change detected
2026-09-24 21:38:07,666 | INFO | watchfiles.main | 1 change detected
2026-09-24 21:38:08,020 | INFO | watchfiles.main | 1 change detected
2026-09-24 21:38:08,376 | INFO | watchfiles.main | 1 change detected
2026-09-24 21:38:08,733 | INFO | watchfiles.main | 1 change detected
2026-09-24 21:38:09,095 | INFO | watchfiles.main | 1 change detected
2026-09-24 21:38:09,446 | INFO | watchfiles.main | 1 change detected
2026-09-24 21:38:09,807 | INFO | watchfiles.main | 1 change detected
2026-09-24 21:38:10,165 | INFO | watchfiles.main | 1 change detected
2026-09-24 21:38:10,523 | INFO | watchfiles.main | 1 change detected
2026-09-24 21:38:10,877 | INFO | watchfiles.main | 1 change detected
2026-09-24 21:38:11,232 | INFO | watchfiles.main | 1 change detected
2026-09-24 21:38:11,588 | INFO | watchfiles.main | 1 change detected
2026-09-24 21:38:11,970 | INFO | watchfiles.main | 1 change detected
2026-09-24 21:38:12,332 | INFO | watchfiles.main | 1 change detected
2026-09-24 21:38:12,690 | INFO | watchfiles.main | 1 change detected
2026-09-24 21:38:13,043 | INFO | watchfiles.main | 1 change detected
2026-09-24 21:38:13,405 | INFO | watchfiles.main | 1 change detected
2026-09-24 21:38:13,766 | INFO | watchfiles.main | 1 change detected
2026-09-24 21:38:14,153 | INFO | watchfiles.main | 1 change detected
2026-09-24 21:38:14,508 | INFO | watchfiles.main | 1 change detected
2026-09-24 21:38:14,866 | INFO | watchfiles.main | 1 change detected
2026-09-24 21:38:15,219 | INFO | watchfiles.main | 1 change detected
2026-09-24 21:38:15,572 | INFO | watchfiles.main | 1 change detected
2026-09-24 21:38:15,928 | INFO | watchfiles.main | 1 change detected
2026-09-24 21:38:16,286 | INFO | watchfiles.main | 1 change detected
2026-09-24 21:38:16,644 | INFO | watchfiles.main | 1 change detected
2026-09-24 21:38:17,002 | INFO | watchfiles.main | 1 change detected
2026-09-24 21:38:17,358 | INFO | watchfiles.main | 1 change detected
2026-09-24 21:38:17,722 | INFO | watchfiles.main | 1 change detected
2026-09-24 21:38:18,088 | INFO | watchfiles.main | 1 change detected
2026-09-24 21:38:18,445 | INFO | watchfiles.main | 1 change detected
2026-09-24 21:38:18,805 | INFO | watchfiles.main | 1 change detected
2026-09-24 21:38:19,161 | INFO | watchfiles.main | 1 change detected
2026-09-24 21:38:19,518 | INFO | watchfiles.main | 1 change detected
2026-09-24 21:38:19,877 | INFO | watchfiles.main | 1 change detected
2026-09-24 21:38:20,237 | INFO | watchfiles.main | 1 change detected
2026-09-24 21:38:20,593 | INFO | watchfiles.main | 1 change detected
2026-09-24 21:38:20,949 | INFO | watchfiles.main | 1 change detected
2026-09-24 21:38:21,307 | INFO | watchfiles.main | 1 change detected
2026-09-24 21:38:21,672 | INFO | watchfiles.main | 1 change detected
2026-09-24 21:38:22,026 | INFO | watchfiles.main | 1 change detected
2026-09-24 21:38:22,384 | INFO | watchfiles.main | 1 change detected
2026-09-24 21:38:22,744 | INFO | watchfiles.main | 1 change detected
2026-09-24 21:38:23,103 | INFO | watchfiles.main | 1 change detected
2026-09-24 21:38:23,460 | INFO | watchfiles.main | 1 change detected
2026-09-24 21:38:23,817 | INFO | watchfiles.main | 1 change detected
2026-09-24 21:38:24,175 | INFO | watchfiles.main | 1 change detected
2026-09-24 21:38:24,534 | INFO | watchfiles.main | 1 change detected
2026-09-24 21:38:24,890 | INFO | watchfiles.main | 1 change detected
2026-09-24 21:38:25,248 | INFO | watchfiles.main | 1 change detected
2026-09-24 21:38:25,604 | INFO | watchfiles.main | 1 change detected
2026-09-24 21:38:25,959 | INFO | watchfiles.main | 1 change detected
2026-09-24 21:38:26,312 | INFO | watchfiles.main | 1 change detected
2026-09-24 21:38:26,669 | INFO | watchfiles.main | 1 change detected
2026-09-24 21:38:27,023 | INFO | watchfiles.main | 1 change detected
2026-09-24 21:38:27,382 | INFO | watchfiles.main | 1 change detected
2026-09-24 21:38:27,740 | INFO | watchfiles.main | 1 change detected
2026-09-24 21:38:28,100 | INFO | watchfiles.main | 1 change detected
2026-09-24 21:38:28,456 | INFO | watchfiles.main | 1 change detected
2026-09-24 21:38:28,814 | INFO | watchfiles.main | 1 change detected
2026-09-24 21:38:29,177 | INFO | watchfiles.main | 1 change detected
2026-09-24 21:38:29,592 | INFO | watchfiles.main | 1 change detected
2026-09-24 21:38:29,956 | INFO | watchfiles.main | 1 change detected
2026-09-24 21:38:30,314 | INFO | watchfiles.main | 1 change detected
2026-09-24 21:38:30,673 | INFO | watchfiles.main | 1 change detected
2026-09-24 21:38:31,076 | INFO | watchfiles.main | 1 change detected
2026-09-24 21:38:31,480 | INFO | watchfiles.main | 1 change detected
2026-09-24 21:38:31,885 | INFO | watchfiles.main | 1 change detected
2026-09-24 21:38:32,439 | INFO | watchfiles.main | 1 change detected
2026-09-24 21:38:32,797 | INFO | watchfiles.main | 1 change detected
2026-09-24 21:38:33,201 | INFO | watchfiles.main | 1 change detected
2026-09-24 21:38:33,617 | INFO | watchfiles.main | 1 change detected
2026-09-24 21:38:34,021 | INFO | watchfiles.main | 1 change detected
2026-09-24 21:38:34,880 | INFO | watchfiles.main | 1 change detected
2026-09-24 21:38:35,233 | INFO | watchfiles.main | 1 change detected
2026-09-24 21:38:35,640 | INFO | watchfiles.main | 1 change detected
2026-09-24 21:38:36,146 | INFO | watchfiles.main | 1 change detected
2026-09-24 21:38:36,593 | INFO | watchfiles.main | 1 change detected
2026-09-24 21:38:36,997 | INFO | watchfiles.main | 1 change detected
2026-09-24 21:38:37,361 | INFO | watchfiles.main | 1 change detected
2026-09-24 21:38:37,774 | INFO | watchfiles.main | 1 change detected
2026-09-24 21:38:38,176 | INFO | watchfiles.main | 1 change detected
2026-09-24 21:38:38,578 | INFO | watchfiles.main | 1 change detected
2026-09-24 21:38:38,981 | INFO | watchfiles.main | 1 change detected
2026-09-24 21:38:39,397 | INFO | watchfiles.main | 1 change detected
2026-09-24 21:38:39,802 | INFO | watchfiles.main | 1 change detected
2026-09-24 21:38:40,210 | INFO | watchfiles.main | 1 change detected
2026-09-24 21:38:40,576 | INFO | watchfiles.main | 1 change detected
2026-09-24 21:38:40,981 | INFO | watchfiles.main | 1 change detected
2026-09-24 21:38:41,385 | INFO | watchfiles.main | 1 change detected
2026-09-24 21:38:41,800 | INFO | watchfiles.main | 1 change detected
2026-09-24 21:38:42,206 | INFO | watchfiles.main | 1 change detected
2026-09-24 21:38:42,607 | INFO | watchfiles.main | 1 change detected
2026-09-24 21:38:43,015 | INFO | watchfiles.main | 1 change detected
2026-09-24 21:38:43,422 | INFO | watchfiles.main | 1 change detected
2026-09-24 21:38:43,831 | INFO | watchfiles.main | 1 change detected
2026-09-24 21:38:44,235 | INFO | watchfiles.main | 1 change detected
2026-09-24 21:38:44,600 | INFO | watchfiles.main | 1 change detected
2026-09-24 21:38:45,011 | INFO | watchfiles.main | 1 change detected
2026-09-24 21:38:45,421 | INFO | watchfiles.main | 1 change detected
2026-09-24 21:38:45,825 | INFO | watchfiles.main | 1 change detected
2026-09-24 21:38:46,231 | INFO | watchfiles.main | 1 change detected
2026-09-24 21:38:46,634 | INFO | watchfiles.main | 1 change detected
2026-09-24 21:38:47,037 | INFO | watchfiles.main | 1 change detected
2026-09-24 21:38:47,443 | INFO | watchfiles.main | 1 change detected
2026-09-24 21:38:47,850 | INFO | watchfiles.main | 1 change detected
2026-09-24 21:38:48,258 | INFO | watchfiles.main | 1 change detected
2026-09-24 21:38:48,664 | INFO | watchfiles.main | 1 change detected
2026-09-24 21:38:49,079 | INFO | watchfiles.main | 1 change detected
2026-09-24 21:38:49,496 | INFO | watchfiles.main | 1 change detected
2026-09-24 21:38:49,903 | INFO | watchfiles.main | 1 change detected
2026-09-24 21:38:50,277 | INFO | watchfiles.main | 1 change detected
2026-09-24 21:38:50,693 | INFO | watchfiles.main | 1 change detected
2026-09-24 21:38:51,109 | INFO | watchfiles.main | 1 change detected
2026-09-24 21:38:51,518 | INFO | watchfiles.main | 1 change detected
2026-09-24 21:38:51,921 | INFO | watchfiles.main | 1 change detected
2026-09-24 21:38:52,326 | INFO | watchfiles.main | 1 change detected
2026-09-24 21:38:52,692 | INFO | watchfiles.main | 1 change detected
2026-09-24 21:38:53,099 | INFO | watchfiles.main | 1 change detected
2026-09-24 21:38:53,503 | INFO | watchfiles.main | 1 change detected
2026-09-24 21:38:53,909 | INFO | watchfiles.main | 1 change detected
2026-09-24 21:38:54,314 | INFO | watchfiles.main | 1 change detected
2026-09-24 21:38:54,717 | INFO | watchfiles.main | 1 change detected
2026-09-24 21:38:55,124 | INFO | watchfiles.main | 1 change detected
2026-09-24 21:38:55,539 | INFO | watchfiles.main | 1 change detected
2026-09-24 21:38:55,947 | INFO | watchfiles.main | 1 change detected
2026-09-24 21:38:56,352 | INFO | watchfiles.main | 1 change detected
2026-09-24 21:38:56,754 | INFO | watchfiles.main | 1 change detected
2026-09-24 21:38:57,156 | INFO | watchfiles.main | 1 change detected
2026-09-24 21:38:57,573 | INFO | watchfiles.main | 1 change detected
2026-09-24 21:38:57,976 | INFO | watchfiles.main | 1 change detected
2026-09-24 21:38:58,341 | INFO | watchfiles.main | 1 change detected
2026-09-24 21:38:58,746 | INFO | watchfiles.main | 1 change detected
2026-09-24 21:38:59,152 | INFO | watchfiles.main | 1 change detected
2026-09-24 21:38:59,553 | INFO | watchfiles.main | 1 change detected
2026-09-24 21:38:59,958 | INFO | watchfiles.main | 1 change detected
2026-09-24 21:39:00,360 | INFO | watchfiles.main | 1 change detected
2026-09-24 21:39:00,764 | INFO | watchfiles.main | 1 change detected
2026-09-24 21:39:01,170 | INFO | watchfiles.main | 1 change detected
2026-09-24 21:39:01,589 | INFO | watchfiles.main | 1 change detected
2026-09-24 21:39:02,005 | INFO | watchfiles.main | 1 change detected
2026-09-24 21:39:02,408 | INFO | watchfiles.main | 1 change detected
2026-09-24 21:39:02,815 | INFO | watchfiles.main | 1 change detected
2026-09-24 21:39:03,233 | INFO | watchfiles.main | 1 change detected
2026-09-24 21:39:03,636 | INFO | watchfiles.main | 1 change detected
2026-09-24 21:39:04,042 | INFO | watchfiles.main | 1 change detected
2026-09-24 21:39:04,452 | INFO | watchfiles.main | 1 change detected
2026-09-24 21:39:04,855 | INFO | watchfiles.main | 1 change detected
2026-09-24 21:39:05,261 | INFO | watchfiles.main | 1 change detected
2026-09-24 21:39:05,677 | INFO | watchfiles.main | 1 change detected
2026-09-24 21:39:06,081 | INFO | watchfiles.main | 1 change detected
2026-09-24 21:39:06,488 | INFO | watchfiles.main | 1 change detected
2026-09-24 21:39:06,908 | INFO | watchfiles.main | 1 change detected
2026-09-24 21:39:07,312 | INFO | watchfiles.main | 1 change detected
2026-09-24 21:39:07,714 | INFO | watchfiles.main | 1 change detected
2026-09-24 21:39:08,118 | INFO | watchfiles.main | 1 change detected
2026-09-24 21:39:08,521 | INFO | watchfiles.main | 1 change detected
2026-09-24 21:39:08,924 | INFO | watchfiles.main | 1 change detected
2026-09-24 21:39:09,330 | INFO | watchfiles.main | 1 change detected
2026-09-24 21:39:09,733 | INFO | watchfiles.main | 1 change detected
2026-09-24 21:39:10,151 | INFO | watchfiles.main | 1 change detected
2026-09-24 21:39:10,557 | INFO | watchfiles.main | 1 change detected
2026-09-24 21:39:10,921 | INFO | watchfiles.main | 1 change detected
2026-09-24 21:39:11,328 | INFO | watchfiles.main | 1 change detected
2026-09-24 21:39:11,730 | INFO | watchfiles.main | 1 change detected
2026-09-24 21:39:12,136 | INFO | watchfiles.main | 1 change detected
2026-09-24 21:39:12,553 | INFO | watchfiles.main | 1 change detected
2026-09-24 21:39:12,957 | INFO | watchfiles.main | 1 change detected
2026-09-24 21:39:13,372 | INFO | watchfiles.main | 1 change detected
2026-09-24 21:39:13,726 | INFO | watchfiles.main | 1 change detected
2026-09-24 21:39:14,137 | INFO | watchfiles.main | 1 change detected
2026-09-24 21:39:14,542 | INFO | watchfiles.main | 1 change detected
2026-09-24 21:39:14,952 | INFO | watchfiles.main | 1 change detected
2026-09-24 21:39:15,362 | INFO | watchfiles.main | 1 change detected
2026-09-24 21:39:15,768 | INFO | watchfiles.main | 1 change detected
2026-09-24 21:39:16,173 | INFO | watchfiles.main | 1 change detected
2026-09-24 21:39:16,577 | INFO | watchfiles.main | 1 change detected
2026-09-24 21:39:16,982 | INFO | watchfiles.main | 1 change detected
2026-09-24 21:39:17,349 | INFO | watchfiles.main | 1 change detected
2026-09-24 21:39:17,759 | INFO | watchfiles.main | 1 change detected
2026-09-24 21:39:18,163 | INFO | watchfiles.main | 1 change detected
2026-09-24 21:39:18,579 | INFO | watchfiles.main | 1 change detected
2026-09-24 21:39:18,987 | INFO | watchfiles.main | 1 change detected
2026-09-24 21:39:19,390 | INFO | watchfiles.main | 1 change detected
2026-09-24 21:39:19,806 | INFO | watchfiles.main | 1 change detected
2026-09-24 21:39:20,212 | INFO | watchfiles.main | 1 change detected
2026-09-24 21:39:20,626 | INFO | watchfiles.main | 1 change detected
2026-09-24 21:39:21,033 | INFO | watchfiles.main | 1 change detected
2026-09-24 21:39:21,439 | INFO | watchfiles.main | 1 change detected
2026-09-24 21:39:21,844 | INFO | watchfiles.main | 1 change detected
2026-09-24 21:39:22,274 | INFO | watchfiles.main | 1 change detected
2026-09-24 21:39:22,678 | INFO | watchfiles.main | 1 change detected
2026-09-24 21:39:23,043 | INFO | watchfiles.main | 1 change detected
2026-09-24 21:39:23,449 | INFO | watchfiles.main | 1 change detected
2026-09-24 21:39:23,857 | INFO | watchfiles.main | 1 change detected
2026-09-24 21:39:24,273 | INFO | watchfiles.main | 1 change detected
2026-09-24 21:39:24,675 | INFO | watchfiles.main | 1 change detected
2026-09-24 21:39:25,083 | INFO | watchfiles.main | 1 change detected
2026-09-24 21:39:25,489 | INFO | watchfiles.main | 1 change detected
2026-09-24 21:39:25,905 | INFO | watchfiles.main | 1 change detected
2026-09-24 21:39:26,308 | INFO | watchfiles.main | 1 change detected
2026-09-24 21:39:26,724 | INFO | watchfiles.main | 1 change detected
2026-09-24 21:39:27,133 | INFO | watchfiles.main | 1 change detected
2026-09-24 21:39:27,549 | INFO | watchfiles.main | 1 change detected
2026-09-24 21:39:27,952 | INFO | watchfiles.main | 1 change detected
2026-09-24 21:39:28,382 | INFO | watchfiles.main | 1 change detected
2026-09-24 21:39:28,736 | INFO | watchfiles.main | 1 change detected
2026-09-24 21:39:29,141 | INFO | watchfiles.main | 1 change detected
2026-09-24 21:39:29,544 | INFO | watchfiles.main | 1 change detected
2026-09-24 21:39:29,951 | INFO | watchfiles.main | 1 change detected
2026-09-24 21:39:30,367 | INFO | watchfiles.main | 1 change detected
2026-09-24 21:39:30,768 | INFO | watchfiles.main | 1 change detected
2026-09-24 21:39:31,183 | INFO | watchfiles.main | 1 change detected
2026-09-24 21:39:31,586 | INFO | watchfiles.main | 1 change detected
2026-09-24 21:39:31,991 | INFO | watchfiles.main | 1 change detected
2026-09-24 21:39:32,407 | INFO | watchfiles.main | 1 change detected
2026-09-24 21:39:32,812 | INFO | watchfiles.main | 1 change detected
2026-09-24 21:39:33,217 | INFO | watchfiles.main | 1 change detected
2026-09-24 21:39:33,619 | INFO | watchfiles.main | 1 change detected
2026-09-24 21:39:34,022 | INFO | watchfiles.main | 1 change detected
2026-09-24 21:39:34,456 | INFO | watchfiles.main | 1 change detected
2026-09-24 21:39:34,822 | INFO | watchfiles.main | 1 change detected
2026-09-24 21:39:35,230 | INFO | watchfiles.main | 1 change detected
2026-09-24 21:39:35,633 | INFO | watchfiles.main | 1 change detected
2026-09-24 21:39:36,035 | INFO | watchfiles.main | 1 change detected
2026-09-24 21:39:36,439 | INFO | watchfiles.main | 1 change detected
2026-09-24 21:39:36,845 | INFO | watchfiles.main | 1 change detected
2026-09-24 21:39:37,250 | INFO | watchfiles.main | 1 change detected
2026-09-24 21:39:37,706 | INFO | watchfiles.main | 1 change detected
2026-09-24 21:39:38,069 | INFO | watchfiles.main | 1 change detected
2026-09-24 21:39:38,477 | INFO | watchfiles.main | 1 change detected
2026-09-24 21:39:38,892 | INFO | watchfiles.main | 1 change detected
2026-09-24 21:39:39,402 | INFO | watchfiles.main | 1 change detected
2026-09-24 21:39:39,758 | INFO | watchfiles.main | 1 change detected
2026-09-24 21:39:40,114 | INFO | watchfiles.main | 1 change detected
2026-09-24 21:39:40,525 | INFO | watchfiles.main | 1 change detected
2026-09-24 21:39:40,941 | INFO | watchfiles.main | 1 change detected
2026-09-24 21:39:41,347 | INFO | watchfiles.main | 1 change detected
2026-09-24 21:39:41,807 | INFO | watchfiles.main | 1 change detected
2026-09-24 21:39:42,178 | INFO | watchfiles.main | 1 change detected
2026-09-24 21:39:42,585 | INFO | watchfiles.main | 1 change detected
2026-09-24 21:39:43,000 | INFO | watchfiles.main | 2 changes detected
2026-09-24 21:39:43,993 | INFO | watchfiles.main | 1 change detected
2026-09-24 21:39:44,449 | INFO | watchfiles.main | 5 changes detected
2026-09-24 21:39:46,844 | INFO | sqlalchemy.engine.Engine | select pg_catalog.version()
2026-09-24 21:39:46,846 | INFO | sqlalchemy.engine.Engine | [raw sql] {}
2026-09-24 21:39:46,850 | INFO | sqlalchemy.engine.Engine | select current_schema()
2026-09-24 21:39:46,850 | INFO | sqlalchemy.engine.Engine | [raw sql] {}
2026-09-24 21:39:46,851 | INFO | sqlalchemy.engine.Engine | show standard_conforming_strings
2026-09-24 21:39:46,852 | INFO | sqlalchemy.engine.Engine | [raw sql] {}
2026-09-24 21:39:46,853 | INFO | sqlalchemy.engine.Engine | BEGIN (implicit)
2026-09-24 21:39:46,864 | INFO | sqlalchemy.engine.Engine | SELECT pg_catalog.pg_class.relname 
FROM pg_catalog.pg_class JOIN pg_catalog.pg_namespace ON pg_catalog.pg_namespace.oid = pg_catalog.pg_class.relnamespace 
WHERE pg_catalog.pg_class.relname = %(table_name)s AND pg_catalog.pg_class.relkind = ANY (ARRAY[%(param_1)s, %(param_2)s, %(param_3)s, %(param_4)s, %(param_5)s]) AND pg_catalog.pg_table_is_visible(pg_catalog.pg_class.oid) AND pg_catalog.pg_namespace.nspname != %(nspname_1)s
2026-09-24 21:39:46,869 | INFO | sqlalchemy.engine.Engine | [generated in 0.00551s] {'table_name': 'users', 'param_1': 'r', 'param_2': 'p', 'param_3': 'f', 'param_4': 'v', 'param_5': 'm', 'nspname_1': 'pg_catalog'}
2026-09-24 21:39:46,887 | INFO | sqlalchemy.engine.Engine | SELECT pg_catalog.pg_class.relname 
FROM pg_catalog.pg_class JOIN pg_catalog.pg_namespace ON pg_catalog.pg_namespace.oid = pg_catalog.pg_class.relnamespace 
WHERE pg_catalog.pg_class.relname = %(table_name)s AND pg_catalog.pg_class.relkind = ANY (ARRAY[%(param_1)s, %(param_2)s, %(param_3)s, %(param_4)s, %(param_5)s]) AND pg_catalog.pg_table_is_visible(pg_catalog.pg_class.oid) AND pg_catalog.pg_namespace.nspname != %(nspname_1)s
2026-09-24 21:39:46,889 | INFO | sqlalchemy.engine.Engine | [cached since 0.02545s ago] {'table_name': 'products', 'param_1': 'r', 'param_2': 'p', 'param_3': 'f', 'param_4': 'v', 'param_5': 'm', 'nspname_1': 'pg_catalog'}
2026-09-24 21:39:46,891 | INFO | sqlalchemy.engine.Engine | COMMIT
2026-09-24 21:39:47,201 | INFO | watchfiles.main | 1 change detected
2026-09-24 21:39:48,266 | INFO | watchfiles.main | 1 change detected
2026-09-24 21:39:48,825 | INFO | watchfiles.main | 5 changes detected
2026-09-24 21:39:50,529 | INFO | sqlalchemy.engine.Engine | select pg_catalog.version()
2026-09-24 21:39:50,530 | INFO | sqlalchemy.engine.Engine | [raw sql] {}
2026-09-24 21:39:50,531 | INFO | sqlalchemy.engine.Engine | select current_schema()
2026-09-24 21:39:50,532 | INFO | sqlalchemy.engine.Engine | [raw sql] {}
2026-09-24 21:39:50,533 | INFO | sqlalchemy.engine.Engine | show standard_conforming_strings
2026-09-24 21:39:50,533 | INFO | sqlalchemy.engine.Engine | [raw sql] {}
2026-09-24 21:39:50,534 | INFO | sqlalchemy.engine.Engine | BEGIN (implicit)
2026-09-24 21:39:50,537 | INFO | sqlalchemy.engine.Engine | SELECT pg_catalog.pg_class.relname 
FROM pg_catalog.pg_class JOIN pg_catalog.pg_namespace ON pg_catalog.pg_namespace.oid = pg_catalog.pg_class.relnamespace 
WHERE pg_catalog.pg_class.relname = %(table_name)s AND pg_catalog.pg_class.relkind = ANY (ARRAY[%(param_1)s, %(param_2)s, %(param_3)s, %(param_4)s, %(param_5)s]) AND pg_catalog.pg_table_is_visible(pg_catalog.pg_class.oid) AND pg_catalog.pg_namespace.nspname != %(nspname_1)s
2026-09-24 21:39:50,537 | INFO | sqlalchemy.engine.Engine | [generated in 0.00039s] {'table_name': 'users', 'param_1': 'r', 'param_2': 'p', 'param_3': 'f', 'param_4': 'v', 'param_5': 'm', 'nspname_1': 'pg_catalog'}
2026-09-24 21:39:50,542 | INFO | sqlalchemy.engine.Engine | SELECT pg_catalog.pg_class.relname 
FROM pg_catalog.pg_class JOIN pg_catalog.pg_namespace ON pg_catalog.pg_namespace.oid = pg_catalog.pg_class.relnamespace 
WHERE pg_catalog.pg_class.relname = %(table_name)s AND pg_catalog.pg_class.relkind = ANY (ARRAY[%(param_1)s, %(param_2)s, %(param_3)s, %(param_4)s, %(param_5)s]) AND pg_catalog.pg_table_is_visible(pg_catalog.pg_class.oid) AND pg_catalog.pg_namespace.nspname != %(nspname_1)s
2026-09-24 21:39:50,543 | INFO | sqlalchemy.engine.Engine | [cached since 0.005445s ago] {'table_name': 'products', 'param_1': 'r', 'param_2': 'p', 'param_3': 'f', 'param_4': 'v', 'param_5': 'm', 'nspname_1': 'pg_catalog'}
2026-09-24 21:39:50,544 | INFO | sqlalchemy.engine.Engine | COMMIT
2026-09-24 21:39:57,305 | INFO | watchfiles.main | 1 change detected
2026-09-24 21:39:58,572 | INFO | watchfiles.main | 1 change detected
2026-09-24 21:39:58,941 | INFO | watchfiles.main | 1 change detected
2026-09-24 21:40:00,420 | INFO | watchfiles.main | 5 changes detected
2026-09-24 21:40:02,988 | INFO | watchfiles.main | 1 change detected
2026-09-24 21:40:03,537 | INFO | sqlalchemy.engine.Engine | select pg_catalog.version()
2026-09-24 21:40:03,538 | INFO | sqlalchemy.engine.Engine | [raw sql] {}
2026-09-24 21:40:03,540 | INFO | sqlalchemy.engine.Engine | select current_schema()
2026-09-24 21:40:03,540 | INFO | sqlalchemy.engine.Engine | [raw sql] {}
2026-09-24 21:40:03,542 | INFO | sqlalchemy.engine.Engine | show standard_conforming_strings
2026-09-24 21:40:03,542 | INFO | sqlalchemy.engine.Engine | [raw sql] {}
2026-09-24 21:40:03,543 | INFO | sqlalchemy.engine.Engine | BEGIN (implicit)
2026-09-24 21:40:03,551 | INFO | sqlalchemy.engine.Engine | SELECT pg_catalog.pg_class.relname 
FROM pg_catalog.pg_class JOIN pg_catalog.pg_namespace ON pg_catalog.pg_namespace.oid = pg_catalog.pg_class.relnamespace 
WHERE pg_catalog.pg_class.relname = %(table_name)s AND pg_catalog.pg_class.relkind = ANY (ARRAY[%(param_1)s, %(param_2)s, %(param_3)s, %(param_4)s, %(param_5)s]) AND pg_catalog.pg_table_is_visible(pg_catalog.pg_class.oid) AND pg_catalog.pg_namespace.nspname != %(nspname_1)s
2026-09-24 21:40:03,551 | INFO | sqlalchemy.engine.Engine | [generated in 0.00064s] {'table_name': 'users', 'param_1': 'r', 'param_2': 'p', 'param_3': 'f', 'param_4': 'v', 'param_5': 'm', 'nspname_1': 'pg_catalog'}
2026-09-24 21:40:03,559 | INFO | sqlalchemy.engine.Engine | SELECT pg_catalog.pg_class.relname 
FROM pg_catalog.pg_class JOIN pg_catalog.pg_namespace ON pg_catalog.pg_namespace.oid = pg_catalog.pg_class.relnamespace 
WHERE pg_catalog.pg_class.relname = %(table_name)s AND pg_catalog.pg_class.relkind = ANY (ARRAY[%(param_1)s, %(param_2)s, %(param_3)s, %(param_4)s, %(param_5)s]) AND pg_catalog.pg_table_is_visible(pg_catalog.pg_class.oid) AND pg_catalog.pg_namespace.nspname != %(nspname_1)s
2026-09-24 21:40:03,559 | INFO | sqlalchemy.engine.Engine | [cached since 0.008897s ago] {'table_name': 'products', 'param_1': 'r', 'param_2': 'p', 'param_3': 'f', 'param_4': 'v', 'param_5': 'm', 'nspname_1': 'pg_catalog'}
2026-09-24 21:40:03,561 | INFO | sqlalchemy.engine.Engine | COMMIT
2026-09-24 21:40:04,374 | INFO | watchfiles.main | 1 change detected
2026-09-24 21:40:04,781 | INFO | watchfiles.main | 5 changes detected
2026-09-24 21:40:07,505 | INFO | sqlalchemy.engine.Engine | select pg_catalog.version()
2026-09-24 21:40:07,506 | INFO | sqlalchemy.engine.Engine | [raw sql] {}
2026-09-24 21:40:07,508 | INFO | sqlalchemy.engine.Engine | select current_schema()
2026-09-24 21:40:07,509 | INFO | sqlalchemy.engine.Engine | [raw sql] {}
2026-09-24 21:40:07,513 | INFO | sqlalchemy.engine.Engine | show standard_conforming_strings
2026-09-24 21:40:07,514 | INFO | sqlalchemy.engine.Engine | [raw sql] {}
2026-09-24 21:40:07,516 | INFO | sqlalchemy.engine.Engine | BEGIN (implicit)
2026-09-24 21:40:07,526 | INFO | sqlalchemy.engine.Engine | SELECT pg_catalog.pg_class.relname 
FROM pg_catalog.pg_class JOIN pg_catalog.pg_namespace ON pg_catalog.pg_namespace.oid = pg_catalog.pg_class.relnamespace 
WHERE pg_catalog.pg_class.relname = %(table_name)s AND pg_catalog.pg_class.relkind = ANY (ARRAY[%(param_1)s, %(param_2)s, %(param_3)s, %(param_4)s, %(param_5)s]) AND pg_catalog.pg_table_is_visible(pg_catalog.pg_class.oid) AND pg_catalog.pg_namespace.nspname != %(nspname_1)s
2026-09-24 21:40:07,530 | INFO | sqlalchemy.engine.Engine | [generated in 0.00435s] {'table_name': 'users', 'param_1': 'r', 'param_2': 'p', 'param_3': 'f', 'param_4': 'v', 'param_5': 'm', 'nspname_1': 'pg_catalog'}
2026-09-24 21:40:07,542 | INFO | sqlalchemy.engine.Engine | SELECT pg_catalog.pg_class.relname 
FROM pg_catalog.pg_class JOIN pg_catalog.pg_namespace ON pg_catalog.pg_namespace.oid = pg_catalog.pg_class.relnamespace 
WHERE pg_catalog.pg_class.relname = %(table_name)s AND pg_catalog.pg_class.relkind = ANY (ARRAY[%(param_1)s, %(param_2)s, %(param_3)s, %(param_4)s, %(param_5)s]) AND pg_catalog.pg_table_is_visible(pg_catalog.pg_class.oid) AND pg_catalog.pg_namespace.nspname != %(nspname_1)s
2026-09-24 21:40:07,543 | INFO | sqlalchemy.engine.Engine | [cached since 0.01672s ago] {'table_name': 'products', 'param_1': 'r', 'param_2': 'p', 'param_3': 'f', 'param_4': 'v', 'param_5': 'm', 'nspname_1': 'pg_catalog'}
2026-09-24 21:40:07,546 | INFO | sqlalchemy.engine.Engine | COMMIT
2026-09-24 21:40:43,868 | INFO | watchfiles.main | 1 change detected
2026-09-24 21:40:44,697 | INFO | watchfiles.main | 1 change detected
2026-09-24 21:40:45,313 | INFO | watchfiles.main | 5 changes detected
2026-09-24 21:40:46,916 | INFO | sqlalchemy.engine.Engine | select pg_catalog.version()
2026-09-24 21:40:46,916 | INFO | sqlalchemy.engine.Engine | [raw sql] {}
2026-09-24 21:40:46,918 | INFO | sqlalchemy.engine.Engine | select current_schema()
2026-09-24 21:40:46,918 | INFO | sqlalchemy.engine.Engine | [raw sql] {}
2026-09-24 21:40:46,919 | INFO | sqlalchemy.engine.Engine | show standard_conforming_strings
2026-09-24 21:40:46,919 | INFO | sqlalchemy.engine.Engine | [raw sql] {}
2026-09-24 21:40:46,920 | INFO | sqlalchemy.engine.Engine | BEGIN (implicit)
2026-09-24 21:40:46,924 | INFO | sqlalchemy.engine.Engine | SELECT pg_catalog.pg_class.relname 
FROM pg_catalog.pg_class JOIN pg_catalog.pg_namespace ON pg_catalog.pg_namespace.oid = pg_catalog.pg_class.relnamespace 
WHERE pg_catalog.pg_class.relname = %(table_name)s AND pg_catalog.pg_class.relkind = ANY (ARRAY[%(param_1)s, %(param_2)s, %(param_3)s, %(param_4)s, %(param_5)s]) AND pg_catalog.pg_table_is_visible(pg_catalog.pg_class.oid) AND pg_catalog.pg_namespace.nspname != %(nspname_1)s
2026-09-24 21:40:46,924 | INFO | sqlalchemy.engine.Engine | [generated in 0.00055s] {'table_name': 'users', 'param_1': 'r', 'param_2': 'p', 'param_3': 'f', 'param_4': 'v', 'param_5': 'm', 'nspname_1': 'pg_catalog'}
2026-09-24 21:40:46,930 | INFO | sqlalchemy.engine.Engine | SELECT pg_catalog.pg_class.relname 
FROM pg_catalog.pg_class JOIN pg_catalog.pg_namespace ON pg_catalog.pg_namespace.oid = pg_catalog.pg_class.relnamespace 
WHERE pg_catalog.pg_class.relname = %(table_name)s AND pg_catalog.pg_class.relkind = ANY (ARRAY[%(param_1)s, %(param_2)s, %(param_3)s, %(param_4)s, %(param_5)s]) AND pg_catalog.pg_table_is_visible(pg_catalog.pg_class.oid) AND pg_catalog.pg_namespace.nspname != %(nspname_1)s
2026-09-24 21:40:46,930 | INFO | sqlalchemy.engine.Engine | [cached since 0.006419s ago] {'table_name': 'products', 'param_1': 'r', 'param_2': 'p', 'param_3': 'f', 'param_4': 'v', 'param_5': 'm', 'nspname_1': 'pg_catalog'}
2026-09-24 21:40:46,931 | INFO | sqlalchemy.engine.Engine | COMMIT
2026-09-24 21:40:55,262 | INFO | watchfiles.main | 1 change detected
2026-09-24 21:40:55,881 | INFO | watchfiles.main | 1 change detected
2026-09-24 21:40:56,245 | INFO | watchfiles.main | 1 change detected
2026-09-24 21:40:56,602 | INFO | watchfiles.main | 1 change detected
2026-09-24 21:40:56,963 | INFO | watchfiles.main | 1 change detected
2026-09-24 21:40:57,318 | INFO | watchfiles.main | 1 change detected
2026-09-24 21:40:57,672 | INFO | watchfiles.main | 1 change detected
2026-09-24 21:40:58,031 | INFO | watchfiles.main | 1 change detected
2026-09-24 21:40:58,384 | INFO | watchfiles.main | 1 change detected
2026-09-24 21:40:58,748 | INFO | watchfiles.main | 1 change detected
2026-09-24 21:40:59,107 | INFO | watchfiles.main | 1 change detected
2026-09-24 21:40:59,463 | INFO | watchfiles.main | 1 change detected
2026-09-24 21:40:59,820 | INFO | watchfiles.main | 1 change detected
2026-09-24 21:41:00,172 | INFO | watchfiles.main | 1 change detected
2026-09-24 21:41:00,529 | INFO | watchfiles.main | 1 change detected
2026-09-24 21:41:00,883 | INFO | watchfiles.main | 1 change detected
2026-09-24 21:41:01,242 | INFO | watchfiles.main | 1 change detected
2026-09-24 21:41:01,600 | INFO | watchfiles.main | 1 change detected
2026-09-24 21:41:01,959 | INFO | watchfiles.main | 1 change detected
2026-09-24 21:41:02,317 | INFO | watchfiles.main | 1 change detected
2026-09-24 21:41:02,679 | INFO | watchfiles.main | 1 change detected
2026-09-24 21:41:03,039 | INFO | watchfiles.main | 1 change detected
2026-09-24 21:41:03,395 | INFO | watchfiles.main | 1 change detected
2026-09-24 21:41:03,756 | INFO | watchfiles.main | 1 change detected
2026-09-24 21:41:04,115 | INFO | watchfiles.main | 1 change detected
2026-09-24 21:41:04,470 | INFO | watchfiles.main | 1 change detected
2026-09-24 21:41:04,827 | INFO | watchfiles.main | 1 change detected
2026-09-24 21:41:05,187 | INFO | watchfiles.main | 1 change detected
2026-09-24 21:41:05,541 | INFO | watchfiles.main | 1 change detected
2026-09-24 21:41:05,898 | INFO | watchfiles.main | 1 change detected
2026-09-24 21:41:06,252 | INFO | watchfiles.main | 1 change detected
2026-09-24 21:41:06,613 | INFO | watchfiles.main | 1 change detected
2026-09-24 21:41:06,970 | INFO | watchfiles.main | 1 change detected
2026-09-24 21:41:07,325 | INFO | watchfiles.main | 1 change detected
2026-09-24 21:41:07,685 | INFO | watchfiles.main | 1 change detected
2026-09-24 21:41:08,040 | INFO | watchfiles.main | 1 change detected
2026-09-24 21:41:08,399 | INFO | watchfiles.main | 1 change detected
2026-09-24 21:41:08,758 | INFO | watchfiles.main | 1 change detected
2026-09-24 21:41:09,115 | INFO | watchfiles.main | 1 change detected
2026-09-24 21:41:09,471 | INFO | watchfiles.main | 1 change detected
2026-09-24 21:41:09,829 | INFO | watchfiles.main | 1 change detected
2026-09-24 21:41:10,186 | INFO | watchfiles.main | 1 change detected
2026-09-24 21:41:10,544 | INFO | watchfiles.main | 1 change detected
2026-09-24 21:41:10,907 | INFO | watchfiles.main | 1 change detected
2026-09-24 21:41:11,266 | INFO | watchfiles.main | 1 change detected
2026-09-24 21:41:11,619 | INFO | watchfiles.main | 1 change detected
2026-09-24 21:41:11,976 | INFO | watchfiles.main | 1 change detected
2026-09-24 21:41:12,332 | INFO | watchfiles.main | 1 change detected
2026-09-24 21:41:12,689 | INFO | watchfiles.main | 1 change detected
2026-09-24 21:41:13,045 | INFO | watchfiles.main | 1 change detected
2026-09-24 21:41:13,403 | INFO | watchfiles.main | 1 change detected
2026-09-24 21:41:13,761 | INFO | watchfiles.main | 1 change detected
2026-09-24 21:41:14,119 | INFO | watchfiles.main | 1 change detected
2026-09-24 21:41:14,476 | INFO | watchfiles.main | 1 change detected
2026-09-24 21:41:14,833 | INFO | watchfiles.main | 1 change detected
2026-09-24 21:41:15,190 | INFO | watchfiles.main | 1 change detected
2026-09-24 21:41:15,547 | INFO | watchfiles.main | 1 change detected
2026-09-24 21:41:15,903 | INFO | watchfiles.main | 1 change detected
2026-09-24 21:41:16,261 | INFO | watchfiles.main | 1 change detected
2026-09-24 21:41:16,619 | INFO | watchfiles.main | 1 change detected
2026-09-24 21:41:16,974 | INFO | watchfiles.main | 1 change detected
2026-09-24 21:41:17,328 | INFO | watchfiles.main | 1 change detected
2026-09-24 21:41:17,686 | INFO | watchfiles.main | 1 change detected
2026-09-24 21:41:18,046 | INFO | watchfiles.main | 1 change detected
2026-09-24 21:41:18,406 | INFO | watchfiles.main | 1 change detected
2026-09-24 21:41:18,760 | INFO | watchfiles.main | 1 change detected
2026-09-24 21:41:19,113 | INFO | watchfiles.main | 1 change detected
2026-09-24 21:41:19,470 | INFO | watchfiles.main | 1 change detected
2026-09-24 21:41:19,829 | INFO | watchfiles.main | 1 change detected
2026-09-24 21:41:20,189 | INFO | watchfiles.main | 1 change detected
2026-09-24 21:41:20,546 | INFO | watchfiles.main | 1 change detected
2026-09-24 21:41:20,904 | INFO | watchfiles.main | 1 change detected
2026-09-24 21:41:21,262 | INFO | watchfiles.main | 1 change detected
2026-09-24 21:41:21,621 | INFO | watchfiles.main | 1 change detected
2026-09-24 21:41:21,976 | INFO | watchfiles.main | 1 change detected
2026-09-24 21:41:22,330 | INFO | watchfiles.main | 1 change detected
2026-09-24 21:41:22,689 | INFO | watchfiles.main | 2 changes detected
2026-09-24 21:41:23,528 | INFO | watchfiles.main | 1 change detected
2026-09-24 21:41:23,883 | INFO | watchfiles.main | 5 changes detected
2026-09-24 21:41:25,286 | INFO | sqlalchemy.engine.Engine | select pg_catalog.version()
2026-09-24 21:41:25,286 | INFO | sqlalchemy.engine.Engine | [raw sql] {}
2026-09-24 21:41:25,287 | INFO | sqlalchemy.engine.Engine | select current_schema()
2026-09-24 21:41:25,287 | INFO | sqlalchemy.engine.Engine | [raw sql] {}
2026-09-24 21:41:25,288 | INFO | sqlalchemy.engine.Engine | show standard_conforming_strings
2026-09-24 21:41:25,288 | INFO | sqlalchemy.engine.Engine | [raw sql] {}
2026-09-24 21:41:25,289 | INFO | sqlalchemy.engine.Engine | BEGIN (implicit)
2026-09-24 21:41:25,292 | INFO | sqlalchemy.engine.Engine | SELECT pg_catalog.pg_class.relname 
FROM pg_catalog.pg_class JOIN pg_catalog.pg_namespace ON pg_catalog.pg_namespace.oid = pg_catalog.pg_class.relnamespace 
WHERE pg_catalog.pg_class.relname = %(table_name)s AND pg_catalog.pg_class.relkind = ANY (ARRAY[%(param_1)s, %(param_2)s, %(param_3)s, %(param_4)s, %(param_5)s]) AND pg_catalog.pg_table_is_visible(pg_catalog.pg_class.oid) AND pg_catalog.pg_namespace.nspname != %(nspname_1)s
2026-09-24 21:41:25,292 | INFO | sqlalchemy.engine.Engine | [generated in 0.00035s] {'table_name': 'users', 'param_1': 'r', 'param_2': 'p', 'param_3': 'f', 'param_4': 'v', 'param_5': 'm', 'nspname_1': 'pg_catalog'}
2026-09-24 21:41:25,298 | INFO | sqlalchemy.engine.Engine | SELECT pg_catalog.pg_class.relname 
FROM pg_catalog.pg_class JOIN pg_catalog.pg_namespace ON pg_catalog.pg_namespace.oid = pg_catalog.pg_class.relnamespace 
WHERE pg_catalog.pg_class.relname = %(table_name)s AND pg_catalog.pg_class.relkind = ANY (ARRAY[%(param_1)s, %(param_2)s, %(param_3)s, %(param_4)s, %(param_5)s]) AND pg_catalog.pg_table_is_visible(pg_catalog.pg_class.oid) AND pg_catalog.pg_namespace.nspname != %(nspname_1)s
2026-09-24 21:41:25,299 | INFO | sqlalchemy.engine.Engine | [cached since 0.00664s ago] {'table_name': 'products', 'param_1': 'r', 'param_2': 'p', 'param_3': 'f', 'param_4': 'v', 'param_5': 'm', 'nspname_1': 'pg_catalog'}
2026-09-24 21:41:25,300 | INFO | sqlalchemy.engine.Engine | COMMIT
2026-09-24 21:41:31,558 | INFO | watchfiles.main | 1 change detected
2026-09-24 21:41:31,929 | INFO | watchfiles.main | 1 change detected
2026-09-24 21:41:32,295 | INFO | watchfiles.main | 1 change detected
2026-09-24 21:41:32,652 | INFO | watchfiles.main | 1 change detected
2026-09-24 21:41:33,007 | INFO | watchfiles.main | 1 change detected
2026-09-24 21:41:33,369 | INFO | watchfiles.main | 1 change detected
2026-09-24 21:41:33,734 | INFO | watchfiles.main | 1 change detected
2026-09-24 21:41:34,093 | INFO | watchfiles.main | 1 change detected
2026-09-24 21:41:34,453 | INFO | watchfiles.main | 1 change detected
2026-09-24 21:41:34,811 | INFO | watchfiles.main | 1 change detected
2026-09-24 21:41:35,165 | INFO | watchfiles.main | 1 change detected
2026-09-24 21:41:35,526 | INFO | watchfiles.main | 1 change detected
2026-09-24 21:41:42,325 | INFO | sqlalchemy.engine.Engine | select pg_catalog.version()
2026-09-24 21:41:42,326 | INFO | sqlalchemy.engine.Engine | [raw sql] {}
2026-09-24 21:41:42,327 | INFO | sqlalchemy.engine.Engine | select current_schema()
2026-09-24 21:41:42,327 | INFO | sqlalchemy.engine.Engine | [raw sql] {}
2026-09-24 21:41:42,328 | INFO | sqlalchemy.engine.Engine | show standard_conforming_strings
2026-09-24 21:41:42,328 | INFO | sqlalchemy.engine.Engine | [raw sql] {}
2026-09-24 21:41:42,328 | INFO | sqlalchemy.engine.Engine | BEGIN (implicit)
2026-09-24 21:41:42,332 | INFO | sqlalchemy.engine.Engine | SELECT pg_catalog.pg_class.relname 
FROM pg_catalog.pg_class JOIN pg_catalog.pg_namespace ON pg_catalog.pg_namespace.oid = pg_catalog.pg_class.relnamespace 
WHERE pg_catalog.pg_class.relname = %(table_name)s AND pg_catalog.pg_class.relkind = ANY (ARRAY[%(param_1)s, %(param_2)s, %(param_3)s, %(param_4)s, %(param_5)s]) AND pg_catalog.pg_table_is_visible(pg_catalog.pg_class.oid) AND pg_catalog.pg_namespace.nspname != %(nspname_1)s
2026-09-24 21:41:42,332 | INFO | sqlalchemy.engine.Engine | [generated in 0.00040s] {'table_name': 'users', 'param_1': 'r', 'param_2': 'p', 'param_3': 'f', 'param_4': 'v', 'param_5': 'm', 'nspname_1': 'pg_catalog'}
2026-09-24 21:41:42,338 | INFO | sqlalchemy.engine.Engine | SELECT pg_catalog.pg_class.relname 
FROM pg_catalog.pg_class JOIN pg_catalog.pg_namespace ON pg_catalog.pg_namespace.oid = pg_catalog.pg_class.relnamespace 
WHERE pg_catalog.pg_class.relname = %(table_name)s AND pg_catalog.pg_class.relkind = ANY (ARRAY[%(param_1)s, %(param_2)s, %(param_3)s, %(param_4)s, %(param_5)s]) AND pg_catalog.pg_table_is_visible(pg_catalog.pg_class.oid) AND pg_catalog.pg_namespace.nspname != %(nspname_1)s
2026-09-24 21:41:42,338 | INFO | sqlalchemy.engine.Engine | [cached since 0.006214s ago] {'table_name': 'products', 'param_1': 'r', 'param_2': 'p', 'param_3': 'f', 'param_4': 'v', 'param_5': 'm', 'nspname_1': 'pg_catalog'}
2026-09-24 21:41:42,339 | INFO | sqlalchemy.engine.Engine | COMMIT
2026-09-24 21:41:44,458 | INFO | sqlalchemy.engine.Engine | select pg_catalog.version()
2026-09-24 21:41:44,459 | INFO | sqlalchemy.engine.Engine | [raw sql] {}
2026-09-24 21:41:44,460 | INFO | sqlalchemy.engine.Engine | select current_schema()
2026-09-24 21:41:44,460 | INFO | sqlalchemy.engine.Engine | [raw sql] {}
2026-09-24 21:41:44,461 | INFO | sqlalchemy.engine.Engine | show standard_conforming_strings
2026-09-24 21:41:44,461 | INFO | sqlalchemy.engine.Engine | [raw sql] {}
2026-09-24 21:41:44,462 | INFO | sqlalchemy.engine.Engine | BEGIN (implicit)
2026-09-24 21:41:44,465 | INFO | sqlalchemy.engine.Engine | SELECT pg_catalog.pg_class.relname 
FROM pg_catalog.pg_class JOIN pg_catalog.pg_namespace ON pg_catalog.pg_namespace.oid = pg_catalog.pg_class.relnamespace 
WHERE pg_catalog.pg_class.relname = %(table_name)s AND pg_catalog.pg_class.relkind = ANY (ARRAY[%(param_1)s, %(param_2)s, %(param_3)s, %(param_4)s, %(param_5)s]) AND pg_catalog.pg_table_is_visible(pg_catalog.pg_class.oid) AND pg_catalog.pg_namespace.nspname != %(nspname_1)s
2026-09-24 21:41:44,466 | INFO | sqlalchemy.engine.Engine | [generated in 0.00054s] {'table_name': 'users', 'param_1': 'r', 'param_2': 'p', 'param_3': 'f', 'param_4': 'v', 'param_5': 'm', 'nspname_1': 'pg_catalog'}
2026-09-24 21:41:44,470 | INFO | sqlalchemy.engine.Engine | SELECT pg_catalog.pg_class.relname 
FROM pg_catalog.pg_class JOIN pg_catalog.pg_namespace ON pg_catalog.pg_namespace.oid = pg_catalog.pg_class.relnamespace 
WHERE pg_catalog.pg_class.relname = %(table_name)s AND pg_catalog.pg_class.relkind = ANY (ARRAY[%(param_1)s, %(param_2)s, %(param_3)s, %(param_4)s, %(param_5)s]) AND pg_catalog.pg_table_is_visible(pg_catalog.pg_class.oid) AND pg_catalog.pg_namespace.nspname != %(nspname_1)s
2026-09-24 21:41:44,471 | INFO | sqlalchemy.engine.Engine | [cached since 0.005562s ago] {'table_name': 'products', 'param_1': 'r', 'param_2': 'p', 'param_3': 'f', 'param_4': 'v', 'param_5': 'm', 'nspname_1': 'pg_catalog'}
2026-09-24 21:41:44,472 | INFO | sqlalchemy.engine.Engine | COMMIT
2026-09-24 21:41:52,250 | INFO | watchfiles.main | 1 change detected
2026-09-24 21:41:52,616 | INFO | watchfiles.main | 1 change detected
2026-09-24 21:41:52,976 | INFO | watchfiles.main | 1 change detected
2026-09-24 21:41:53,334 | INFO | watchfiles.main | 1 change detected
2026-09-24 21:41:53,693 | INFO | watchfiles.main | 1 change detected
2026-09-24 21:41:54,051 | INFO | watchfiles.main | 1 change detected
2026-09-24 21:41:54,408 | INFO | watchfiles.main | 1 change detected
2026-09-24 21:41:54,764 | INFO | watchfiles.main | 1 change detected
2026-09-24 21:41:55,123 | INFO | watchfiles.main | 1 change detected
2026-09-24 21:41:55,479 | INFO | watchfiles.main | 1 change detected
2026-09-24 21:41:55,839 | INFO | watchfiles.main | 1 change detected
2026-09-24 21:41:56,198 | INFO | watchfiles.main | 1 change detected
2026-09-24 21:41:56,557 | INFO | watchfiles.main | 1 change detected
2026-09-24 21:41:56,912 | INFO | watchfiles.main | 1 change detected
2026-09-24 21:41:57,271 | INFO | watchfiles.main | 1 change detected
2026-09-24 21:41:57,627 | INFO | watchfiles.main | 1 change detected
2026-09-24 21:41:57,986 | INFO | watchfiles.main | 1 change detected
2026-09-24 21:41:58,345 | INFO | watchfiles.main | 1 change detected
2026-09-24 21:41:58,696 | INFO | watchfiles.main | 1 change detected
2026-09-24 21:41:59,073 | INFO | watchfiles.main | 1 change detected
2026-09-24 21:41:59,430 | INFO | watchfiles.main | 1 change detected
2026-09-24 21:41:59,788 | INFO | watchfiles.main | 1 change detected
2026-09-24 21:42:00,147 | INFO | watchfiles.main | 1 change detected
2026-09-24 21:42:00,505 | INFO | watchfiles.main | 1 change detected
2026-09-24 21:42:00,859 | INFO | watchfiles.main | 1 change detected
2026-09-24 21:42:01,218 | INFO | watchfiles.main | 1 change detected
2026-09-24 21:42:01,577 | INFO | watchfiles.main | 1 change detected
2026-09-24 21:42:01,940 | INFO | watchfiles.main | 1 change detected
2026-09-24 21:42:02,300 | INFO | watchfiles.main | 1 change detected
2026-09-24 21:42:02,659 | INFO | watchfiles.main | 1 change detected
2026-09-24 21:42:03,013 | INFO | watchfiles.main | 1 change detected
2026-09-24 21:42:03,368 | INFO | watchfiles.main | 1 change detected
2026-09-24 21:42:03,722 | INFO | watchfiles.main | 1 change detected
2026-09-24 21:42:04,080 | INFO | watchfiles.main | 1 change detected
2026-09-24 21:42:04,436 | INFO | watchfiles.main | 1 change detected
2026-09-24 21:42:04,792 | INFO | watchfiles.main | 1 change detected
2026-09-24 21:42:05,148 | INFO | watchfiles.main | 1 change detected
2026-09-24 21:42:05,508 | INFO | watchfiles.main | 1 change detected
2026-09-24 21:42:05,868 | INFO | watchfiles.main | 1 change detected
2026-09-24 21:42:06,244 | INFO | watchfiles.main | 1 change detected
2026-09-24 21:42:06,600 | INFO | watchfiles.main | 1 change detected
2026-09-24 21:42:06,954 | INFO | watchfiles.main | 1 change detected
2026-09-24 21:42:07,312 | INFO | watchfiles.main | 1 change detected
2026-09-24 21:42:07,669 | INFO | watchfiles.main | 1 change detected
2026-09-24 21:42:08,029 | INFO | watchfiles.main | 1 change detected
2026-09-24 21:42:08,383 | INFO | watchfiles.main | 1 change detected
2026-09-24 21:42:08,738 | INFO | watchfiles.main | 1 change detected
2026-09-24 21:42:09,107 | INFO | watchfiles.main | 1 change detected
2026-09-24 21:42:09,468 | INFO | watchfiles.main | 1 change detected
2026-09-24 21:42:09,824 | INFO | watchfiles.main | 1 change detected
2026-09-24 21:42:10,187 | INFO | watchfiles.main | 1 change detected
2026-09-24 21:42:10,545 | INFO | watchfiles.main | 1 change detected
2026-09-24 21:42:10,912 | INFO | watchfiles.main | 1 change detected
2026-09-24 21:42:11,266 | INFO | watchfiles.main | 1 change detected
2026-09-24 21:42:11,622 | INFO | watchfiles.main | 1 change detected
2026-09-24 21:42:11,984 | INFO | watchfiles.main | 1 change detected
2026-09-24 21:42:12,348 | INFO | watchfiles.main | 1 change detected
2026-09-24 21:42:12,704 | INFO | watchfiles.main | 1 change detected
2026-09-24 21:42:13,061 | INFO | watchfiles.main | 1 change detected
2026-09-24 21:42:13,416 | INFO | watchfiles.main | 1 change detected
2026-09-24 21:42:13,774 | INFO | watchfiles.main | 1 change detected
2026-09-24 21:42:14,134 | INFO | watchfiles.main | 1 change detected
2026-09-24 21:42:14,494 | INFO | watchfiles.main | 1 change detected
2026-09-24 21:42:14,852 | INFO | watchfiles.main | 1 change detected
2026-09-24 21:42:15,223 | INFO | watchfiles.main | 1 change detected
2026-09-24 21:42:15,578 | INFO | watchfiles.main | 1 change detected
2026-09-24 21:42:15,934 | INFO | watchfiles.main | 1 change detected
2026-09-24 21:42:16,292 | INFO | watchfiles.main | 1 change detected
2026-09-24 21:42:16,648 | INFO | watchfiles.main | 1 change detected
2026-09-24 21:42:17,004 | INFO | watchfiles.main | 1 change detected
2026-09-24 21:42:17,368 | INFO | watchfiles.main | 1 change detected
2026-09-24 21:42:17,728 | INFO | watchfiles.main | 1 change detected
2026-09-24 21:42:18,088 | INFO | watchfiles.main | 1 change detected
2026-09-24 21:42:18,448 | INFO | watchfiles.main | 1 change detected
2026-09-24 21:42:18,808 | INFO | watchfiles.main | 1 change detected
2026-09-24 21:42:19,168 | INFO | watchfiles.main | 1 change detected
2026-09-24 21:42:19,524 | INFO | watchfiles.main | 1 change detected
2026-09-24 21:42:19,879 | INFO | watchfiles.main | 1 change detected
2026-09-24 21:42:20,238 | INFO | watchfiles.main | 1 change detected
2026-09-24 21:42:20,596 | INFO | watchfiles.main | 1 change detected
2026-09-24 21:42:20,950 | INFO | watchfiles.main | 1 change detected
2026-09-24 21:42:21,304 | INFO | watchfiles.main | 1 change detected
2026-09-24 21:42:21,661 | INFO | watchfiles.main | 1 change detected
2026-09-24 21:42:22,019 | INFO | watchfiles.main | 1 change detected
2026-09-24 21:42:22,400 | INFO | watchfiles.main | 1 change detected
2026-09-24 21:42:22,762 | INFO | watchfiles.main | 1 change detected
2026-09-24 21:42:23,119 | INFO | watchfiles.main | 1 change detected
2026-09-24 21:42:23,477 | INFO | watchfiles.main | 1 change detected
2026-09-24 21:42:23,833 | INFO | watchfiles.main | 1 change detected
2026-09-24 21:42:24,198 | INFO | watchfiles.main | 1 change detected
2026-09-24 21:42:24,556 | INFO | watchfiles.main | 1 change detected
2026-09-24 21:42:24,917 | INFO | watchfiles.main | 1 change detected
2026-09-24 21:42:25,270 | INFO | watchfiles.main | 1 change detected
2026-09-24 21:42:25,627 | INFO | watchfiles.main | 1 change detected
2026-09-24 21:42:25,987 | INFO | watchfiles.main | 1 change detected
2026-09-24 21:42:26,345 | INFO | watchfiles.main | 1 change detected
2026-09-24 21:42:26,702 | INFO | watchfiles.main | 1 change detected
2026-09-24 21:42:27,056 | INFO | watchfiles.main | 1 change detected
2026-09-24 21:42:27,413 | INFO | watchfiles.main | 1 change detected
2026-09-24 21:42:27,771 | INFO | watchfiles.main | 1 change detected
2026-09-24 21:42:28,126 | INFO | watchfiles.main | 1 change detected
2026-09-24 21:42:28,484 | INFO | watchfiles.main | 1 change detected
2026-09-24 21:42:28,838 | INFO | watchfiles.main | 1 change detected
2026-09-24 21:42:29,203 | INFO | watchfiles.main | 1 change detected
2026-09-24 21:42:29,555 | INFO | watchfiles.main | 1 change detected
2026-09-24 21:42:29,908 | INFO | watchfiles.main | 1 change detected
2026-09-24 21:42:30,267 | INFO | watchfiles.main | 1 change detected
2026-09-24 21:42:30,624 | INFO | watchfiles.main | 1 change detected
2026-09-24 21:42:30,979 | INFO | watchfiles.main | 1 change detected
2026-09-24 21:42:31,335 | INFO | watchfiles.main | 1 change detected
2026-09-24 21:42:31,694 | INFO | watchfiles.main | 1 change detected
2026-09-24 21:42:32,052 | INFO | watchfiles.main | 1 change detected
2026-09-24 21:42:32,413 | INFO | watchfiles.main | 1 change detected
2026-09-24 21:42:32,787 | INFO | watchfiles.main | 1 change detected
2026-09-24 21:42:33,143 | INFO | watchfiles.main | 1 change detected
2026-09-24 21:42:33,510 | INFO | watchfiles.main | 1 change detected
2026-09-24 21:42:33,866 | INFO | watchfiles.main | 1 change detected
2026-09-24 21:42:34,224 | INFO | watchfiles.main | 1 change detected
2026-09-24 21:42:34,583 | INFO | watchfiles.main | 1 change detected
2026-09-24 21:42:34,942 | INFO | watchfiles.main | 1 change detected
2026-09-24 21:42:35,323 | INFO | watchfiles.main | 1 change detected
2026-09-24 21:42:35,678 | INFO | watchfiles.main | 1 change detected
2026-09-24 21:42:36,033 | INFO | watchfiles.main | 1 change detected
2026-09-24 21:42:36,386 | INFO | watchfiles.main | 1 change detected
2026-09-24 21:42:36,738 | INFO | watchfiles.main | 1 change detected
2026-09-24 21:42:37,093 | INFO | watchfiles.main | 2 changes detected
2026-09-24 21:42:38,012 | INFO | watchfiles.main | 1 change detected
2026-09-24 21:42:38,366 | INFO | watchfiles.main | 6 changes detected
2026-09-24 21:42:39,378 | INFO | sqlalchemy.engine.Engine | select pg_catalog.version()
2026-09-24 21:42:39,379 | INFO | sqlalchemy.engine.Engine | [raw sql] {}
2026-09-24 21:42:39,380 | INFO | sqlalchemy.engine.Engine | select current_schema()
2026-09-24 21:42:39,380 | INFO | sqlalchemy.engine.Engine | [raw sql] {}
2026-09-24 21:42:39,381 | INFO | sqlalchemy.engine.Engine | show standard_conforming_strings
2026-09-24 21:42:39,381 | INFO | sqlalchemy.engine.Engine | [raw sql] {}
2026-09-24 21:42:39,382 | INFO | sqlalchemy.engine.Engine | BEGIN (implicit)
2026-09-24 21:42:39,385 | INFO | sqlalchemy.engine.Engine | SELECT pg_catalog.pg_class.relname 
FROM pg_catalog.pg_class JOIN pg_catalog.pg_namespace ON pg_catalog.pg_namespace.oid = pg_catalog.pg_class.relnamespace 
WHERE pg_catalog.pg_class.relname = %(table_name)s AND pg_catalog.pg_class.relkind = ANY (ARRAY[%(param_1)s, %(param_2)s, %(param_3)s, %(param_4)s, %(param_5)s]) AND pg_catalog.pg_table_is_visible(pg_catalog.pg_class.oid) AND pg_catalog.pg_namespace.nspname != %(nspname_1)s
2026-09-24 21:42:39,385 | INFO | sqlalchemy.engine.Engine | [generated in 0.00046s] {'table_name': 'users', 'param_1': 'r', 'param_2': 'p', 'param_3': 'f', 'param_4': 'v', 'param_5': 'm', 'nspname_1': 'pg_catalog'}
2026-09-24 21:42:39,390 | INFO | sqlalchemy.engine.Engine | SELECT pg_catalog.pg_class.relname 
FROM pg_catalog.pg_class JOIN pg_catalog.pg_namespace ON pg_catalog.pg_namespace.oid = pg_catalog.pg_class.relnamespace 
WHERE pg_catalog.pg_class.relname = %(table_name)s AND pg_catalog.pg_class.relkind = ANY (ARRAY[%(param_1)s, %(param_2)s, %(param_3)s, %(param_4)s, %(param_5)s]) AND pg_catalog.pg_table_is_visible(pg_catalog.pg_class.oid) AND pg_catalog.pg_namespace.nspname != %(nspname_1)s
2026-09-24 21:42:39,390 | INFO | sqlalchemy.engine.Engine | [cached since 0.005261s ago] {'table_name': 'products', 'param_1': 'r', 'param_2': 'p', 'param_3': 'f', 'param_4': 'v', 'param_5': 'm', 'nspname_1': 'pg_catalog'}
2026-09-24 21:42:39,391 | INFO | sqlalchemy.engine.Engine | COMMIT
2026-09-24 21:42:40,243 | INFO | watchfiles.main | 1 change detected
2026-09-24 21:42:40,599 | INFO | watchfiles.main | 5 changes detected
2026-09-24 21:42:41,439 | INFO | sqlalchemy.engine.Engine | select pg_catalog.version()
2026-09-24 21:42:41,440 | INFO | sqlalchemy.engine.Engine | [raw sql] {}
2026-09-24 21:42:41,441 | INFO | sqlalchemy.engine.Engine | select current_schema()
2026-09-24 21:42:41,441 | INFO | sqlalchemy.engine.Engine | [raw sql] {}
2026-09-24 21:42:41,442 | INFO | sqlalchemy.engine.Engine | show standard_conforming_strings
2026-09-24 21:42:41,442 | INFO | sqlalchemy.engine.Engine | [raw sql] {}
2026-09-24 21:42:41,443 | INFO | sqlalchemy.engine.Engine | BEGIN (implicit)
2026-09-24 21:42:41,446 | INFO | sqlalchemy.engine.Engine | SELECT pg_catalog.pg_class.relname 
FROM pg_catalog.pg_class JOIN pg_catalog.pg_namespace ON pg_catalog.pg_namespace.oid = pg_catalog.pg_class.relnamespace 
WHERE pg_catalog.pg_class.relname = %(table_name)s AND pg_catalog.pg_class.relkind = ANY (ARRAY[%(param_1)s, %(param_2)s, %(param_3)s, %(param_4)s, %(param_5)s]) AND pg_catalog.pg_table_is_visible(pg_catalog.pg_class.oid) AND pg_catalog.pg_namespace.nspname != %(nspname_1)s
2026-09-24 21:42:41,446 | INFO | sqlalchemy.engine.Engine | [generated in 0.00035s] {'table_name': 'users', 'param_1': 'r', 'param_2': 'p', 'param_3': 'f', 'param_4': 'v', 'param_5': 'm', 'nspname_1': 'pg_catalog'}
2026-09-24 21:42:41,451 | INFO | sqlalchemy.engine.Engine | SELECT pg_catalog.pg_class.relname 
FROM pg_catalog.pg_class JOIN pg_catalog.pg_namespace ON pg_catalog.pg_namespace.oid = pg_catalog.pg_class.relnamespace 
WHERE pg_catalog.pg_class.relname = %(table_name)s AND pg_catalog.pg_class.relkind = ANY (ARRAY[%(param_1)s, %(param_2)s, %(param_3)s, %(param_4)s, %(param_5)s]) AND pg_catalog.pg_table_is_visible(pg_catalog.pg_class.oid) AND pg_catalog.pg_namespace.nspname != %(nspname_1)s
2026-09-24 21:42:41,451 | INFO | sqlalchemy.engine.Engine | [cached since 0.005264s ago] {'table_name': 'products', 'param_1': 'r', 'param_2': 'p', 'param_3': 'f', 'param_4': 'v', 'param_5': 'm', 'nspname_1': 'pg_catalog'}
2026-09-24 21:42:41,452 | INFO | sqlalchemy.engine.Engine | COMMIT
2026-09-24 21:43:03,439 | INFO | watchfiles.main | 1 change detected
2026-09-24 21:43:04,400 | INFO | watchfiles.main | 1 change detected
2026-09-24 21:43:04,758 | INFO | watchfiles.main | 5 changes detected
2026-09-24 21:43:05,883 | INFO | sqlalchemy.engine.Engine | select pg_catalog.version()
2026-09-24 21:43:05,889 | INFO | sqlalchemy.engine.Engine | [raw sql] {}
2026-09-24 21:43:05,892 | INFO | sqlalchemy.engine.Engine | select current_schema()
2026-09-24 21:43:05,893 | INFO | sqlalchemy.engine.Engine | [raw sql] {}
2026-09-24 21:43:05,894 | INFO | sqlalchemy.engine.Engine | show standard_conforming_strings
2026-09-24 21:43:05,896 | INFO | sqlalchemy.engine.Engine | [raw sql] {}
2026-09-24 21:43:05,898 | INFO | sqlalchemy.engine.Engine | BEGIN (implicit)
2026-09-24 21:43:05,909 | INFO | sqlalchemy.engine.Engine | SELECT pg_catalog.pg_class.relname 
FROM pg_catalog.pg_class JOIN pg_catalog.pg_namespace ON pg_catalog.pg_namespace.oid = pg_catalog.pg_class.relnamespace 
WHERE pg_catalog.pg_class.relname = %(table_name)s AND pg_catalog.pg_class.relkind = ANY (ARRAY[%(param_1)s, %(param_2)s, %(param_3)s, %(param_4)s, %(param_5)s]) AND pg_catalog.pg_table_is_visible(pg_catalog.pg_class.oid) AND pg_catalog.pg_namespace.nspname != %(nspname_1)s
2026-09-24 21:43:05,911 | INFO | sqlalchemy.engine.Engine | [generated in 0.00246s] {'table_name': 'users', 'param_1': 'r', 'param_2': 'p', 'param_3': 'f', 'param_4': 'v', 'param_5': 'm', 'nspname_1': 'pg_catalog'}
2026-09-24 21:43:05,919 | INFO | sqlalchemy.engine.Engine | SELECT pg_catalog.pg_class.relname 
FROM pg_catalog.pg_class JOIN pg_catalog.pg_namespace ON pg_catalog.pg_namespace.oid = pg_catalog.pg_class.relnamespace 
WHERE pg_catalog.pg_class.relname = %(table_name)s AND pg_catalog.pg_class.relkind = ANY (ARRAY[%(param_1)s, %(param_2)s, %(param_3)s, %(param_4)s, %(param_5)s]) AND pg_catalog.pg_table_is_visible(pg_catalog.pg_class.oid) AND pg_catalog.pg_namespace.nspname != %(nspname_1)s
2026-09-24 21:43:05,929 | INFO | sqlalchemy.engine.Engine | [cached since 0.02006s ago] {'table_name': 'products', 'param_1': 'r', 'param_2': 'p', 'param_3': 'f', 'param_4': 'v', 'param_5': 'm', 'nspname_1': 'pg_catalog'}
2026-09-24 21:43:05,931 | INFO | sqlalchemy.engine.Engine | COMMIT
2026-09-24 21:43:06,869 | INFO | watchfiles.main | 1 change detected
2026-09-24 21:43:07,637 | INFO | watchfiles.main | 1 change detected
2026-09-24 21:43:15,233 | INFO | watchfiles.main | 1 change detected
2026-09-24 21:43:17,418 | INFO | watchfiles.main | 1 change detected
2026-09-24 21:43:20,149 | INFO | watchfiles.main | 1 change detected
2026-09-24 21:43:20,824 | INFO | watchfiles.main | 5 changes detected
2026-09-24 21:43:22,122 | INFO | sqlalchemy.engine.Engine | select pg_catalog.version()
2026-09-24 21:43:22,122 | INFO | sqlalchemy.engine.Engine | [raw sql] {}
2026-09-24 21:43:22,123 | INFO | sqlalchemy.engine.Engine | select current_schema()
2026-09-24 21:43:22,124 | INFO | sqlalchemy.engine.Engine | [raw sql] {}
2026-09-24 21:43:22,124 | INFO | sqlalchemy.engine.Engine | show standard_conforming_strings
2026-09-24 21:43:22,125 | INFO | sqlalchemy.engine.Engine | [raw sql] {}
2026-09-24 21:43:22,125 | INFO | sqlalchemy.engine.Engine | BEGIN (implicit)
2026-09-24 21:43:22,128 | INFO | sqlalchemy.engine.Engine | SELECT pg_catalog.pg_class.relname 
FROM pg_catalog.pg_class JOIN pg_catalog.pg_namespace ON pg_catalog.pg_namespace.oid = pg_catalog.pg_class.relnamespace 
WHERE pg_catalog.pg_class.relname = %(table_name)s AND pg_catalog.pg_class.relkind = ANY (ARRAY[%(param_1)s, %(param_2)s, %(param_3)s, %(param_4)s, %(param_5)s]) AND pg_catalog.pg_table_is_visible(pg_catalog.pg_class.oid) AND pg_catalog.pg_namespace.nspname != %(nspname_1)s
2026-09-24 21:43:22,129 | INFO | sqlalchemy.engine.Engine | [generated in 0.00067s] {'table_name': 'users', 'param_1': 'r', 'param_2': 'p', 'param_3': 'f', 'param_4': 'v', 'param_5': 'm', 'nspname_1': 'pg_catalog'}
2026-09-24 21:43:22,134 | INFO | sqlalchemy.engine.Engine | SELECT pg_catalog.pg_class.relname 
FROM pg_catalog.pg_class JOIN pg_catalog.pg_namespace ON pg_catalog.pg_namespace.oid = pg_catalog.pg_class.relnamespace 
WHERE pg_catalog.pg_class.relname = %(table_name)s AND pg_catalog.pg_class.relkind = ANY (ARRAY[%(param_1)s, %(param_2)s, %(param_3)s, %(param_4)s, %(param_5)s]) AND pg_catalog.pg_table_is_visible(pg_catalog.pg_class.oid) AND pg_catalog.pg_namespace.nspname != %(nspname_1)s
2026-09-24 21:43:22,134 | INFO | sqlalchemy.engine.Engine | [cached since 0.006082s ago] {'table_name': 'products', 'param_1': 'r', 'param_2': 'p', 'param_3': 'f', 'param_4': 'v', 'param_5': 'm', 'nspname_1': 'pg_catalog'}
2026-09-24 21:43:22,136 | INFO | sqlalchemy.engine.Engine | COMMIT
2026-09-24 21:43:34,649 | INFO | main | country end point called 127.0.0.1
2026-09-24 21:43:46,602 | INFO | watchfiles.main | 1 change detected
2026-09-24 21:43:46,966 | INFO | watchfiles.main | 1 change detected
2026-09-24 21:43:47,324 | INFO | watchfiles.main | 1 change detected
2026-09-24 21:43:47,681 | INFO | watchfiles.main | 1 change detected
2026-09-24 21:43:48,037 | INFO | watchfiles.main | 1 change detected
2026-09-24 21:43:48,389 | INFO | watchfiles.main | 1 change detected
2026-09-24 21:43:48,747 | INFO | watchfiles.main | 1 change detected
2026-09-24 21:43:49,105 | INFO | watchfiles.main | 1 change detected
2026-09-24 21:43:49,462 | INFO | watchfiles.main | 1 change detected
2026-09-24 21:43:49,827 | INFO | watchfiles.main | 1 change detected
2026-09-24 21:43:50,192 | INFO | watchfiles.main | 1 change detected
2026-09-24 21:43:50,545 | INFO | watchfiles.main | 1 change detected
2026-09-24 21:43:50,907 | INFO | watchfiles.main | 1 change detected
2026-09-24 21:43:51,270 | INFO | watchfiles.main | 1 change detected
2026-09-24 21:43:51,628 | INFO | watchfiles.main | 1 change detected
2026-09-24 21:43:51,986 | INFO | watchfiles.main | 1 change detected
2026-09-24 21:43:52,348 | INFO | watchfiles.main | 1 change detected
2026-09-24 21:43:52,706 | INFO | watchfiles.main | 1 change detected
2026-09-24 21:43:53,062 | INFO | watchfiles.main | 1 change detected
2026-09-24 21:43:53,425 | INFO | watchfiles.main | 1 change detected
2026-09-24 21:43:53,790 | INFO | watchfiles.main | 1 change detected
2026-09-24 21:43:54,153 | INFO | watchfiles.main | 1 change detected
2026-09-24 21:43:54,507 | INFO | watchfiles.main | 1 change detected
2026-09-24 21:43:54,863 | INFO | watchfiles.main | 1 change detected
2026-09-24 21:43:55,222 | INFO | watchfiles.main | 1 change detected
2026-09-24 21:43:55,579 | INFO | watchfiles.main | 1 change detected
2026-09-24 21:43:55,937 | INFO | watchfiles.main | 1 change detected
2026-09-24 21:43:56,301 | INFO | watchfiles.main | 1 change detected
2026-09-24 21:43:56,656 | INFO | watchfiles.main | 1 change detected
2026-09-24 21:43:57,010 | INFO | watchfiles.main | 1 change detected
2026-09-24 21:43:57,369 | INFO | watchfiles.main | 1 change detected
2026-09-24 21:43:57,728 | INFO | watchfiles.main | 1 change detected
2026-09-24 21:43:58,082 | INFO | watchfiles.main | 1 change detected
2026-09-24 21:43:58,439 | INFO | watchfiles.main | 1 change detected
2026-09-24 21:43:58,798 | INFO | watchfiles.main | 1 change detected
2026-09-24 21:43:59,156 | INFO | watchfiles.main | 1 change detected
2026-09-24 21:43:59,514 | INFO | watchfiles.main | 1 change detected
2026-09-24 21:43:59,871 | INFO | watchfiles.main | 1 change detected
2026-09-24 21:44:00,232 | INFO | watchfiles.main | 1 change detected
2026-09-24 21:44:00,589 | INFO | watchfiles.main | 1 change detected
2026-09-24 21:44:00,953 | INFO | watchfiles.main | 1 change detected
2026-09-24 21:44:01,319 | INFO | watchfiles.main | 1 change detected
2026-09-24 21:44:01,676 | INFO | watchfiles.main | 1 change detected
2026-09-24 21:44:02,030 | INFO | watchfiles.main | 1 change detected
2026-09-24 21:44:02,386 | INFO | watchfiles.main | 1 change detected
2026-09-24 21:44:02,743 | INFO | watchfiles.main | 1 change detected
2026-09-24 21:44:03,102 | INFO | watchfiles.main | 1 change detected
2026-09-24 21:44:03,458 | INFO | watchfiles.main | 1 change detected
2026-09-24 21:44:03,818 | INFO | watchfiles.main | 1 change detected
2026-09-24 21:44:04,177 | INFO | watchfiles.main | 1 change detected
2026-09-24 21:44:04,536 | INFO | watchfiles.main | 1 change detected
2026-09-24 21:44:04,896 | INFO | watchfiles.main | 1 change detected
2026-09-24 21:44:05,253 | INFO | watchfiles.main | 1 change detected
2026-09-24 21:44:05,610 | INFO | watchfiles.main | 1 change detected
2026-09-24 21:44:05,968 | INFO | watchfiles.main | 1 change detected
2026-09-24 21:44:06,328 | INFO | watchfiles.main | 1 change detected
2026-09-24 21:44:06,682 | INFO | watchfiles.main | 1 change detected
2026-09-24 21:44:07,039 | INFO | watchfiles.main | 1 change detected
2026-09-24 21:44:07,406 | INFO | watchfiles.main | 1 change detected
2026-09-24 21:44:07,771 | INFO | watchfiles.main | 1 change detected
2026-09-24 21:44:08,130 | INFO | watchfiles.main | 1 change detected
2026-09-24 21:44:08,488 | INFO | watchfiles.main | 1 change detected
2026-09-24 21:44:08,847 | INFO | watchfiles.main | 1 change detected
2026-09-24 21:44:09,207 | INFO | watchfiles.main | 1 change detected
2026-09-24 21:44:09,565 | INFO | watchfiles.main | 1 change detected
2026-09-24 21:44:09,924 | INFO | watchfiles.main | 1 change detected
2026-09-24 21:44:10,282 | INFO | watchfiles.main | 1 change detected
2026-09-24 21:44:10,667 | INFO | watchfiles.main | 1 change detected
2026-09-24 21:44:11,033 | INFO | watchfiles.main | 1 change detected
2026-09-24 21:44:11,388 | INFO | watchfiles.main | 1 change detected
2026-09-24 21:44:11,746 | INFO | watchfiles.main | 1 change detected
2026-09-24 21:44:12,102 | INFO | watchfiles.main | 1 change detected
2026-09-24 21:44:12,458 | INFO | watchfiles.main | 1 change detected
2026-09-24 21:44:12,813 | INFO | watchfiles.main | 1 change detected
2026-09-24 21:44:13,171 | INFO | watchfiles.main | 1 change detected
2026-09-24 21:44:13,526 | INFO | watchfiles.main | 1 change detected
2026-09-24 21:44:13,882 | INFO | watchfiles.main | 1 change detected
2026-09-24 21:44:14,238 | INFO | watchfiles.main | 1 change detected
2026-09-24 21:44:14,647 | INFO | watchfiles.main | 1 change detected
2026-09-24 21:44:15,051 | INFO | watchfiles.main | 1 change detected
2026-09-24 21:44:15,455 | INFO | watchfiles.main | 1 change detected
2026-09-24 21:44:15,858 | INFO | watchfiles.main | 1 change detected
2026-09-24 21:44:16,374 | INFO | watchfiles.main | 1 change detected
2026-09-24 21:44:16,782 | INFO | watchfiles.main | 1 change detected
2026-09-24 21:44:17,188 | INFO | watchfiles.main | 1 change detected
2026-09-24 21:44:17,601 | INFO | watchfiles.main | 1 change detected
2026-09-24 21:44:18,007 | INFO | watchfiles.main | 1 change detected
2026-09-24 21:44:18,374 | INFO | watchfiles.main | 1 change detected
2026-09-24 21:44:18,778 | INFO | watchfiles.main | 1 change detected
2026-09-24 21:44:19,181 | INFO | watchfiles.main | 1 change detected
2026-09-24 21:44:19,583 | INFO | watchfiles.main | 1 change detected
2026-09-24 21:44:19,990 | INFO | watchfiles.main | 1 change detected
2026-09-24 21:44:20,400 | INFO | watchfiles.main | 1 change detected
2026-09-24 21:44:20,805 | INFO | watchfiles.main | 1 change detected
2026-09-24 21:44:21,222 | INFO | watchfiles.main | 1 change detected
2026-09-24 21:44:21,628 | INFO | watchfiles.main | 1 change detected
2026-09-24 21:44:21,987 | INFO | watchfiles.main | 1 change detected
2026-09-24 21:44:22,395 | INFO | watchfiles.main | 1 change detected
2026-09-24 21:44:22,802 | INFO | watchfiles.main | 1 change detected
2026-09-24 21:44:23,206 | INFO | watchfiles.main | 1 change detected
2026-09-24 21:44:23,617 | INFO | watchfiles.main | 1 change detected
2026-09-24 21:44:24,069 | INFO | watchfiles.main | 1 change detected
2026-09-24 21:44:24,441 | INFO | watchfiles.main | 1 change detected
2026-09-24 21:44:24,843 | INFO | watchfiles.main | 1 change detected
2026-09-24 21:44:25,253 | INFO | watchfiles.main | 1 change detected
2026-09-24 21:44:25,659 | INFO | watchfiles.main | 1 change detected
2026-09-24 21:44:26,063 | INFO | watchfiles.main | 1 change detected
2026-09-24 21:44:26,466 | INFO | watchfiles.main | 1 change detected
2026-09-24 21:44:26,874 | INFO | watchfiles.main | 1 change detected
2026-09-24 21:44:27,283 | INFO | watchfiles.main | 1 change detected
2026-09-24 21:44:27,689 | INFO | watchfiles.main | 1 change detected
2026-09-24 21:44:28,091 | INFO | watchfiles.main | 1 change detected
2026-09-24 21:44:28,494 | INFO | watchfiles.main | 1 change detected
2026-09-24 21:44:28,902 | INFO | watchfiles.main | 1 change detected
2026-09-24 21:44:29,304 | INFO | watchfiles.main | 1 change detected
2026-09-24 21:44:29,710 | INFO | watchfiles.main | 1 change detected
2026-09-24 21:44:30,113 | INFO | watchfiles.main | 1 change detected
2026-09-24 21:44:30,567 | INFO | watchfiles.main | 1 change detected
2026-09-24 21:44:30,982 | INFO | watchfiles.main | 1 change detected
2026-09-24 21:44:31,386 | INFO | watchfiles.main | 1 change detected
2026-09-24 21:44:31,793 | INFO | watchfiles.main | 1 change detected
2026-09-24 21:44:32,151 | INFO | watchfiles.main | 1 change detected
2026-09-24 21:44:32,560 | INFO | watchfiles.main | 1 change detected
2026-09-24 21:44:32,965 | INFO | watchfiles.main | 1 change detected
2026-09-24 21:44:33,375 | INFO | watchfiles.main | 1 change detected
2026-09-24 21:44:33,780 | INFO | watchfiles.main | 1 change detected
2026-09-24 21:44:34,186 | INFO | watchfiles.main | 1 change detected
2026-09-24 21:44:34,590 | INFO | watchfiles.main | 1 change detected
2026-09-24 21:44:34,994 | INFO | watchfiles.main | 1 change detected
2026-09-24 21:44:35,401 | INFO | watchfiles.main | 1 change detected
2026-09-24 21:44:35,804 | INFO | watchfiles.main | 1 change detected
2026-09-24 21:44:36,211 | INFO | watchfiles.main | 1 change detected
2026-09-24 21:44:36,614 | INFO | watchfiles.main | 1 change detected
2026-09-24 21:44:37,016 | INFO | watchfiles.main | 1 change detected
2026-09-24 21:44:37,419 | INFO | watchfiles.main | 1 change detected
2026-09-24 21:44:37,830 | INFO | watchfiles.main | 1 change detected
2026-09-24 21:44:38,192 | INFO | watchfiles.main | 1 change detected
2026-09-24 21:44:38,597 | INFO | watchfiles.main | 1 change detected
2026-09-24 21:44:39,013 | INFO | watchfiles.main | 1 change detected
2026-09-24 21:44:39,430 | INFO | watchfiles.main | 1 change detected
2026-09-24 21:44:39,797 | INFO | watchfiles.main | 1 change detected
2026-09-24 21:44:40,208 | INFO | watchfiles.main | 1 change detected
2026-09-24 21:44:40,622 | INFO | watchfiles.main | 1 change detected
2026-09-24 21:44:41,030 | INFO | watchfiles.main | 1 change detected
2026-09-24 21:44:41,436 | INFO | watchfiles.main | 1 change detected
2026-09-24 21:44:41,887 | INFO | watchfiles.main | 1 change detected
2026-09-24 21:44:42,289 | INFO | watchfiles.main | 1 change detected
2026-09-24 21:44:42,709 | INFO | watchfiles.main | 1 change detected
2026-09-24 21:44:43,127 | INFO | watchfiles.main | 1 change detected
2026-09-24 21:44:43,538 | INFO | watchfiles.main | 1 change detected
2026-09-24 21:44:43,950 | INFO | watchfiles.main | 1 change detected
2026-09-24 21:44:44,356 | INFO | watchfiles.main | 1 change detected
2026-09-24 21:44:44,764 | INFO | watchfiles.main | 1 change detected
2026-09-24 21:44:45,167 | INFO | watchfiles.main | 1 change detected
2026-09-24 21:44:45,576 | INFO | watchfiles.main | 1 change detected
2026-09-24 21:44:45,978 | INFO | watchfiles.main | 1 change detected
2026-09-24 21:44:46,396 | INFO | watchfiles.main | 1 change detected
2026-09-24 21:44:46,802 | INFO | watchfiles.main | 1 change detected
2026-09-24 21:44:47,206 | INFO | watchfiles.main | 1 change detected
2026-09-24 21:44:47,614 | INFO | watchfiles.main | 1 change detected
2026-09-24 21:44:48,016 | INFO | watchfiles.main | 1 change detected
2026-09-24 21:44:48,419 | INFO | watchfiles.main | 1 change detected
2026-09-24 21:44:48,824 | INFO | watchfiles.main | 1 change detected
2026-09-24 21:44:49,189 | INFO | watchfiles.main | 1 change detected
2026-09-24 21:44:49,599 | INFO | watchfiles.main | 1 change detected
2026-09-24 21:44:50,002 | INFO | watchfiles.main | 1 change detected
2026-09-24 21:44:50,408 | INFO | watchfiles.main | 1 change detected
2026-09-24 21:44:50,814 | INFO | watchfiles.main | 1 change detected
2026-09-24 21:44:51,218 | INFO | watchfiles.main | 1 change detected
2026-09-24 21:44:51,633 | INFO | watchfiles.main | 1 change detected
2026-09-24 21:44:52,042 | INFO | watchfiles.main | 1 change detected
2026-09-24 21:44:52,451 | INFO | watchfiles.main | 1 change detected
2026-09-24 21:44:52,859 | INFO | watchfiles.main | 1 change detected
2026-09-24 21:44:53,259 | INFO | watchfiles.main | 1 change detected
2026-09-24 21:44:53,662 | INFO | watchfiles.main | 1 change detected
2026-09-24 21:44:54,026 | INFO | watchfiles.main | 1 change detected
2026-09-24 21:44:54,438 | INFO | watchfiles.main | 1 change detected
2026-09-24 21:44:54,842 | INFO | watchfiles.main | 1 change detected
2026-09-24 21:44:55,249 | INFO | watchfiles.main | 1 change detected
2026-09-24 21:44:55,653 | INFO | watchfiles.main | 1 change detected
2026-09-24 21:44:56,057 | INFO | watchfiles.main | 1 change detected
2026-09-24 21:44:56,462 | INFO | watchfiles.main | 1 change detected
2026-09-24 21:44:56,879 | INFO | watchfiles.main | 1 change detected
2026-09-24 21:44:57,284 | INFO | watchfiles.main | 1 change detected
2026-09-24 21:44:57,692 | INFO | watchfiles.main | 1 change detected
2026-09-24 21:44:58,097 | INFO | watchfiles.main | 1 change detected
2026-09-24 21:44:58,500 | INFO | watchfiles.main | 1 change detected
2026-09-24 21:44:58,901 | INFO | watchfiles.main | 1 change detected
2026-09-24 21:44:59,307 | INFO | watchfiles.main | 1 change detected
2026-09-24 21:44:59,714 | INFO | watchfiles.main | 1 change detected
2026-09-24 21:45:00,222 | INFO | watchfiles.main | 1 change detected
2026-09-24 21:45:00,584 | INFO | watchfiles.main | 1 change detected
2026-09-24 21:45:01,093 | INFO | watchfiles.main | 1 change detected
2026-09-24 21:45:01,504 | INFO | watchfiles.main | 1 change detected
2026-09-24 21:45:01,909 | INFO | watchfiles.main | 1 change detected
2026-09-24 21:45:02,317 | INFO | watchfiles.main | 1 change detected
2026-09-24 21:45:02,720 | INFO | watchfiles.main | 1 change detected
2026-09-24 21:45:03,136 | INFO | watchfiles.main | 1 change detected
2026-09-24 21:45:03,544 | INFO | watchfiles.main | 1 change detected
2026-09-24 21:45:03,964 | INFO | watchfiles.main | 1 change detected
2026-09-24 21:45:04,368 | INFO | watchfiles.main | 1 change detected
2026-09-24 21:45:04,770 | INFO | watchfiles.main | 1 change detected
2026-09-24 21:45:05,177 | INFO | watchfiles.main | 1 change detected
2026-09-24 21:45:05,543 | INFO | watchfiles.main | 1 change detected
2026-09-24 21:45:05,952 | INFO | watchfiles.main | 1 change detected
2026-09-24 21:45:06,361 | INFO | watchfiles.main | 1 change detected
2026-09-24 21:45:06,805 | INFO | watchfiles.main | 1 change detected
2026-09-24 21:45:07,161 | INFO | watchfiles.main | 1 change detected
2026-09-24 21:45:07,568 | INFO | watchfiles.main | 1 change detected
2026-09-24 21:45:07,975 | INFO | watchfiles.main | 1 change detected
2026-09-24 21:45:08,379 | INFO | watchfiles.main | 1 change detected
2026-09-24 21:45:08,834 | INFO | watchfiles.main | 1 change detected
2026-09-24 21:45:09,236 | INFO | watchfiles.main | 1 change detected
2026-09-24 21:45:09,639 | INFO | watchfiles.main | 1 change detected
2026-09-24 21:45:10,057 | INFO | watchfiles.main | 1 change detected
2026-09-24 21:45:10,464 | INFO | watchfiles.main | 1 change detected
2026-09-24 21:45:10,871 | INFO | watchfiles.main | 1 change detected
2026-09-24 21:45:11,276 | INFO | watchfiles.main | 1 change detected
2026-09-24 21:45:11,679 | INFO | watchfiles.main | 1 change detected
2026-09-24 21:45:12,082 | INFO | watchfiles.main | 1 change detected
2026-09-24 21:45:12,492 | INFO | watchfiles.main | 1 change detected
2026-09-24 21:45:12,909 | INFO | watchfiles.main | 1 change detected
2026-09-24 21:45:13,275 | INFO | watchfiles.main | 1 change detected
2026-09-24 21:45:13,678 | INFO | watchfiles.main | 1 change detected
2026-09-24 21:45:14,093 | INFO | watchfiles.main | 1 change detected
2026-09-24 21:45:14,512 | INFO | watchfiles.main | 1 change detected
2026-09-24 21:45:14,967 | INFO | watchfiles.main | 1 change detected
2026-09-24 21:45:15,331 | INFO | watchfiles.main | 1 change detected
2026-09-24 21:45:15,737 | INFO | watchfiles.main | 1 change detected
2026-09-24 21:45:16,153 | INFO | watchfiles.main | 1 change detected
2026-09-24 21:45:16,559 | INFO | watchfiles.main | 1 change detected
2026-09-24 21:45:16,964 | INFO | watchfiles.main | 1 change detected
2026-09-24 21:45:17,370 | INFO | watchfiles.main | 1 change detected
2026-09-24 21:45:17,777 | INFO | watchfiles.main | 1 change detected
2026-09-24 21:45:18,208 | INFO | watchfiles.main | 1 change detected
2026-09-24 21:45:18,615 | INFO | watchfiles.main | 1 change detected
2026-09-24 21:45:19,022 | INFO | watchfiles.main | 1 change detected
2026-09-24 21:45:19,425 | INFO | watchfiles.main | 1 change detected
2026-09-24 21:45:19,827 | INFO | watchfiles.main | 1 change detected
2026-09-24 21:45:20,229 | INFO | watchfiles.main | 1 change detected
2026-09-24 21:45:20,639 | INFO | watchfiles.main | 1 change detected
2026-09-24 21:45:21,053 | INFO | watchfiles.main | 1 change detected
2026-09-24 21:45:21,497 | INFO | watchfiles.main | 1 change detected
2026-09-24 21:45:21,859 | INFO | watchfiles.main | 1 change detected
2026-09-24 21:45:22,269 | INFO | watchfiles.main | 1 change detected
2026-09-24 21:45:22,674 | INFO | watchfiles.main | 1 change detected
2026-09-24 21:45:23,077 | INFO | watchfiles.main | 1 change detected
2026-09-24 21:45:23,481 | INFO | watchfiles.main | 1 change detected
2026-09-24 21:45:23,896 | INFO | watchfiles.main | 1 change detected
2026-09-24 21:45:24,311 | INFO | watchfiles.main | 1 change detected
2026-09-24 21:45:24,721 | INFO | watchfiles.main | 1 change detected
2026-09-24 21:45:25,126 | INFO | watchfiles.main | 1 change detected
2026-09-24 21:45:25,542 | INFO | watchfiles.main | 1 change detected
2026-09-24 21:45:25,949 | INFO | watchfiles.main | 1 change detected
2026-09-24 21:45:26,350 | INFO | watchfiles.main | 1 change detected
2026-09-24 21:45:26,754 | INFO | watchfiles.main | 1 change detected
2026-09-24 21:45:27,162 | INFO | watchfiles.main | 1 change detected
2026-09-24 21:45:27,592 | INFO | watchfiles.main | 1 change detected
2026-09-24 21:45:27,997 | INFO | watchfiles.main | 1 change detected
2026-09-24 21:45:28,403 | INFO | watchfiles.main | 1 change detected
2026-09-24 21:45:28,848 | INFO | watchfiles.main | 1 change detected
2026-09-24 21:45:29,250 | INFO | watchfiles.main | 1 change detected
2026-09-24 21:45:29,655 | INFO | watchfiles.main | 1 change detected
2026-09-24 21:45:30,063 | INFO | watchfiles.main | 1 change detected
2026-09-24 21:45:30,474 | INFO | watchfiles.main | 1 change detected
2026-09-24 21:45:30,888 | INFO | watchfiles.main | 1 change detected
2026-09-24 21:45:31,303 | INFO | watchfiles.main | 1 change detected
2026-09-24 21:45:31,707 | INFO | watchfiles.main | 1 change detected
2026-09-24 21:45:32,109 | INFO | watchfiles.main | 1 change detected
2026-09-24 21:45:32,517 | INFO | watchfiles.main | 1 change detected
2026-09-24 21:45:32,922 | INFO | watchfiles.main | 1 change detected
2026-09-24 21:45:33,299 | INFO | watchfiles.main | 1 change detected
2026-09-24 21:45:33,708 | INFO | watchfiles.main | 1 change detected
2026-09-24 21:45:34,115 | INFO | watchfiles.main | 1 change detected
2026-09-24 21:45:34,520 | INFO | watchfiles.main | 1 change detected
2026-09-24 21:45:34,924 | INFO | watchfiles.main | 1 change detected
2026-09-24 21:45:35,328 | INFO | watchfiles.main | 1 change detected
2026-09-24 21:45:35,730 | INFO | watchfiles.main | 1 change detected
2026-09-24 21:45:36,134 | INFO | watchfiles.main | 1 change detected
2026-09-24 21:45:36,537 | INFO | watchfiles.main | 1 change detected
2026-09-24 21:45:36,943 | INFO | watchfiles.main | 1 change detected
2026-09-24 21:45:37,345 | INFO | watchfiles.main | 1 change detected
2026-09-24 21:45:37,747 | INFO | watchfiles.main | 1 change detected
2026-09-24 21:45:38,154 | INFO | watchfiles.main | 1 change detected
2026-09-24 21:45:38,561 | INFO | watchfiles.main | 1 change detected
2026-09-24 21:45:38,964 | INFO | watchfiles.main | 1 change detected
2026-09-24 21:45:39,378 | INFO | watchfiles.main | 1 change detected
2026-09-24 21:45:39,782 | INFO | watchfiles.main | 1 change detected
2026-09-24 21:45:40,184 | INFO | watchfiles.main | 1 change detected
2026-09-24 21:45:40,589 | INFO | watchfiles.main | 1 change detected
2026-09-24 21:45:40,991 | INFO | watchfiles.main | 1 change detected
2026-09-24 21:45:41,393 | INFO | watchfiles.main | 1 change detected
2026-09-24 21:45:41,797 | INFO | watchfiles.main | 1 change detected
2026-09-24 21:45:42,200 | INFO | watchfiles.main | 1 change detected
2026-09-24 21:45:42,606 | INFO | watchfiles.main | 1 change detected
2026-09-24 21:45:43,012 | INFO | watchfiles.main | 1 change detected
2026-09-24 21:45:43,414 | INFO | watchfiles.main | 1 change detected
2026-09-24 21:45:43,780 | INFO | watchfiles.main | 1 change detected
2026-09-24 21:45:44,188 | INFO | watchfiles.main | 1 change detected
2026-09-24 21:45:44,591 | INFO | watchfiles.main | 1 change detected
2026-09-24 21:45:44,993 | INFO | watchfiles.main | 1 change detected
2026-09-24 21:45:45,401 | INFO | watchfiles.main | 1 change detected
2026-09-24 21:45:45,808 | INFO | watchfiles.main | 1 change detected
2026-09-24 21:45:46,224 | INFO | watchfiles.main | 1 change detected
2026-09-24 21:45:46,627 | INFO | watchfiles.main | 1 change detected
2026-09-24 21:45:47,029 | INFO | watchfiles.main | 1 change detected
2026-09-24 21:45:47,445 | INFO | watchfiles.main | 1 change detected
2026-09-24 21:45:47,847 | INFO | watchfiles.main | 1 change detected
2026-09-24 21:45:48,252 | INFO | watchfiles.main | 1 change detected
2026-09-24 21:45:48,655 | INFO | watchfiles.main | 1 change detected
2026-09-24 21:45:49,059 | INFO | watchfiles.main | 1 change detected
2026-09-24 21:45:49,464 | INFO | watchfiles.main | 1 change detected
2026-09-24 21:45:49,868 | INFO | watchfiles.main | 1 change detected
2026-09-24 21:45:50,275 | INFO | watchfiles.main | 1 change detected
2026-09-24 21:45:50,683 | INFO | watchfiles.main | 1 change detected
2026-09-24 21:45:51,086 | INFO | watchfiles.main | 1 change detected
2026-09-24 21:45:51,492 | INFO | watchfiles.main | 1 change detected
2026-09-24 21:45:51,894 | INFO | watchfiles.main | 1 change detected
2026-09-24 21:45:52,260 | INFO | watchfiles.main | 1 change detected
2026-09-24 21:45:52,714 | INFO | watchfiles.main | 1 change detected
2026-09-24 21:45:53,119 | INFO | watchfiles.main | 1 change detected
2026-09-24 21:45:53,523 | INFO | watchfiles.main | 1 change detected
2026-09-24 21:45:53,889 | INFO | watchfiles.main | 1 change detected
2026-09-24 21:45:54,298 | INFO | watchfiles.main | 1 change detected
2026-09-24 21:45:54,703 | INFO | watchfiles.main | 1 change detected
2026-09-24 21:45:55,110 | INFO | watchfiles.main | 1 change detected
2026-09-24 21:45:55,514 | INFO | watchfiles.main | 1 change detected
2026-09-24 21:45:55,917 | INFO | watchfiles.main | 1 change detected
2026-09-24 21:45:56,342 | INFO | watchfiles.main | 1 change detected
2026-09-24 21:45:56,703 | INFO | watchfiles.main | 1 change detected
2026-09-24 21:45:57,110 | INFO | watchfiles.main | 1 change detected
2026-09-24 21:45:57,512 | INFO | watchfiles.main | 1 change detected
2026-09-24 21:45:57,918 | INFO | watchfiles.main | 1 change detected
2026-09-24 21:45:58,321 | INFO | watchfiles.main | 1 change detected
2026-09-24 21:45:58,727 | INFO | watchfiles.main | 1 change detected
2026-09-24 21:45:59,131 | INFO | watchfiles.main | 1 change detected
2026-09-24 21:45:59,535 | INFO | watchfiles.main | 1 change detected
2026-09-24 21:45:59,939 | INFO | watchfiles.main | 1 change detected
2026-09-24 21:46:00,367 | INFO | watchfiles.main | 1 change detected
2026-09-24 21:46:00,780 | INFO | watchfiles.main | 1 change detected
2026-09-24 21:46:01,147 | INFO | watchfiles.main | 1 change detected
2026-09-24 21:46:01,555 | INFO | watchfiles.main | 1 change detected
2026-09-24 21:46:01,965 | INFO | watchfiles.main | 1 change detected
2026-09-24 21:46:02,367 | INFO | watchfiles.main | 1 change detected
2026-09-24 21:46:02,772 | INFO | watchfiles.main | 1 change detected
2026-09-24 21:46:03,194 | INFO | watchfiles.main | 1 change detected
2026-09-24 21:46:03,605 | INFO | watchfiles.main | 1 change detected
2026-09-24 21:46:04,010 | INFO | watchfiles.main | 1 change detected
2026-09-24 21:46:04,418 | INFO | watchfiles.main | 1 change detected
2026-09-24 21:46:04,774 | INFO | watchfiles.main | 1 change detected
2026-09-24 21:46:05,190 | INFO | watchfiles.main | 1 change detected
2026-09-24 21:46:05,592 | INFO | watchfiles.main | 1 change detected
2026-09-24 21:46:05,999 | INFO | watchfiles.main | 1 change detected
2026-09-24 21:46:06,408 | INFO | watchfiles.main | 1 change detected
2026-09-24 21:46:06,813 | INFO | watchfiles.main | 1 change detected
2026-09-24 21:46:07,270 | INFO | watchfiles.main | 1 change detected
2026-09-24 21:46:07,685 | INFO | watchfiles.main | 1 change detected
2026-09-24 21:46:08,093 | INFO | watchfiles.main | 1 change detected
2026-09-24 21:46:08,496 | INFO | watchfiles.main | 1 change detected
2026-09-24 21:46:08,901 | INFO | watchfiles.main | 1 change detected
2026-09-24 21:46:09,306 | INFO | watchfiles.main | 1 change detected
2026-09-24 21:46:09,722 | INFO | watchfiles.main | 1 change detected
2026-09-24 21:46:10,086 | INFO | watchfiles.main | 1 change detected
2026-09-24 21:46:10,498 | INFO | watchfiles.main | 1 change detected
2026-09-24 21:46:10,915 | INFO | watchfiles.main | 1 change detected
2026-09-24 21:46:11,281 | INFO | watchfiles.main | 1 change detected
2026-09-24 21:46:11,690 | INFO | watchfiles.main | 1 change detected
2026-09-24 21:46:12,092 | INFO | watchfiles.main | 1 change detected
2026-09-24 21:46:12,497 | INFO | watchfiles.main | 1 change detected
2026-09-24 21:46:12,904 | INFO | watchfiles.main | 1 change detected
2026-09-24 21:46:13,310 | INFO | watchfiles.main | 1 change detected
2026-09-24 21:46:13,713 | INFO | watchfiles.main | 1 change detected
2026-09-24 21:46:14,148 | INFO | watchfiles.main | 1 change detected
2026-09-24 21:46:14,555 | INFO | watchfiles.main | 1 change detected
2026-09-24 21:46:14,920 | INFO | watchfiles.main | 1 change detected
2026-09-24 21:46:15,325 | INFO | watchfiles.main | 1 change detected
2026-09-24 21:46:15,730 | INFO | watchfiles.main | 1 change detected
2026-09-24 21:46:16,132 | INFO | watchfiles.main | 1 change detected
2026-09-24 21:46:16,540 | INFO | watchfiles.main | 1 change detected
2026-09-24 21:46:16,952 | INFO | watchfiles.main | 1 change detected
2026-09-24 21:46:17,365 | INFO | watchfiles.main | 1 change detected
2026-09-24 21:46:17,768 | INFO | watchfiles.main | 1 change detected
2026-09-24 21:46:18,173 | INFO | watchfiles.main | 1 change detected
2026-09-24 21:46:18,577 | INFO | watchfiles.main | 1 change detected
2026-09-24 21:46:18,983 | INFO | watchfiles.main | 1 change detected
2026-09-24 21:46:19,388 | INFO | watchfiles.main | 1 change detected
2026-09-24 21:46:19,821 | INFO | watchfiles.main | 1 change detected
2026-09-24 21:46:20,177 | INFO | watchfiles.main | 1 change detected
2026-09-24 21:46:20,584 | INFO | watchfiles.main | 1 change detected
2026-09-24 21:46:20,987 | INFO | watchfiles.main | 1 change detected
2026-09-24 21:46:21,402 | INFO | watchfiles.main | 1 change detected
2026-09-24 21:46:21,813 | INFO | watchfiles.main | 1 change detected
2026-09-24 21:46:22,219 | INFO | watchfiles.main | 1 change detected
2026-09-24 21:46:22,621 | INFO | watchfiles.main | 1 change detected
2026-09-24 21:46:23,024 | INFO | watchfiles.main | 1 change detected
2026-09-24 21:46:23,429 | INFO | watchfiles.main | 1 change detected
2026-09-24 21:46:23,833 | INFO | watchfiles.main | 1 change detected
2026-09-24 21:46:24,237 | INFO | watchfiles.main | 1 change detected
2026-09-24 21:46:24,643 | INFO | watchfiles.main | 1 change detected
2026-09-24 21:46:25,059 | INFO | watchfiles.main | 1 change detected
2026-09-24 21:46:25,467 | INFO | watchfiles.main | 1 change detected
2026-09-24 21:46:25,833 | INFO | watchfiles.main | 1 change detected
2026-09-24 21:46:26,239 | INFO | watchfiles.main | 1 change detected
2026-09-24 21:46:26,645 | INFO | watchfiles.main | 1 change detected
2026-09-24 21:46:27,053 | INFO | watchfiles.main | 1 change detected
2026-09-24 21:46:27,459 | INFO | watchfiles.main | 1 change detected
2026-09-24 21:46:27,868 | INFO | watchfiles.main | 1 change detected
2026-09-24 21:46:28,290 | INFO | watchfiles.main | 1 change detected
2026-09-24 21:46:28,652 | INFO | watchfiles.main | 1 change detected
2026-09-24 21:46:29,060 | INFO | watchfiles.main | 1 change detected
2026-09-24 21:46:29,466 | INFO | watchfiles.main | 1 change detected
2026-09-24 21:46:29,868 | INFO | watchfiles.main | 1 change detected
2026-09-24 21:46:30,274 | INFO | watchfiles.main | 1 change detected
2026-09-24 21:46:30,680 | INFO | watchfiles.main | 1 change detected
2026-09-24 21:46:31,084 | INFO | watchfiles.main | 1 change detected
2026-09-24 21:46:31,488 | INFO | watchfiles.main | 1 change detected
2026-09-24 21:46:31,916 | INFO | watchfiles.main | 1 change detected
2026-09-24 21:46:32,321 | INFO | watchfiles.main | 1 change detected
2026-09-24 21:46:32,724 | INFO | watchfiles.main | 1 change detected
2026-09-24 21:46:33,133 | INFO | watchfiles.main | 1 change detected
2026-09-24 21:46:33,534 | INFO | watchfiles.main | 1 change detected
2026-09-24 21:46:33,939 | INFO | watchfiles.main | 1 change detected
2026-09-24 21:46:34,343 | INFO | watchfiles.main | 1 change detected
2026-09-24 21:46:34,759 | INFO | watchfiles.main | 1 change detected
2026-09-24 21:46:35,167 | INFO | watchfiles.main | 1 change detected
2026-09-24 21:46:35,524 | INFO | watchfiles.main | 1 change detected
2026-09-24 21:46:35,931 | INFO | watchfiles.main | 1 change detected
2026-09-24 21:46:36,348 | INFO | watchfiles.main | 1 change detected
2026-09-24 21:46:36,711 | INFO | watchfiles.main | 1 change detected
2026-09-24 21:46:37,119 | INFO | watchfiles.main | 1 change detected
2026-09-24 21:46:37,521 | INFO | watchfiles.main | 1 change detected
2026-09-24 21:46:37,936 | INFO | watchfiles.main | 1 change detected
2026-09-24 21:46:38,348 | INFO | watchfiles.main | 1 change detected
2026-09-24 21:46:38,755 | INFO | watchfiles.main | 1 change detected
2026-09-24 21:46:39,158 | INFO | watchfiles.main | 1 change detected
2026-09-24 21:46:39,564 | INFO | watchfiles.main | 1 change detected
2026-09-24 21:46:39,970 | INFO | watchfiles.main | 1 change detected
2026-09-24 21:46:40,372 | INFO | watchfiles.main | 1 change detected
2026-09-24 21:46:40,778 | INFO | watchfiles.main | 1 change detected
2026-09-24 21:46:41,182 | INFO | watchfiles.main | 1 change detected
2026-09-24 21:46:41,590 | INFO | watchfiles.main | 1 change detected
2026-09-24 21:46:41,993 | INFO | watchfiles.main | 1 change detected
2026-09-24 21:46:42,399 | INFO | watchfiles.main | 1 change detected
2026-09-24 21:46:42,804 | INFO | watchfiles.main | 1 change detected
2026-09-24 21:46:43,212 | INFO | watchfiles.main | 1 change detected
2026-09-24 21:46:43,617 | INFO | watchfiles.main | 1 change detected
2026-09-24 21:46:44,020 | INFO | watchfiles.main | 1 change detected
2026-09-24 21:46:44,421 | INFO | watchfiles.main | 1 change detected
2026-09-24 21:46:44,839 | INFO | watchfiles.main | 1 change detected
2026-09-24 21:46:45,247 | INFO | watchfiles.main | 1 change detected
2026-09-24 21:46:45,652 | INFO | watchfiles.main | 1 change detected
2026-09-24 21:46:46,055 | INFO | watchfiles.main | 1 change detected
2026-09-24 21:46:46,463 | INFO | watchfiles.main | 1 change detected
2026-09-24 21:46:46,866 | INFO | watchfiles.main | 1 change detected
2026-09-24 21:46:47,268 | INFO | watchfiles.main | 1 change detected
2026-09-24 21:46:47,684 | INFO | watchfiles.main | 1 change detected
2026-09-24 21:46:48,098 | INFO | watchfiles.main | 1 change detected
2026-09-24 21:46:48,500 | INFO | watchfiles.main | 1 change detected
2026-09-24 21:46:48,949 | INFO | watchfiles.main | 1 change detected
2026-09-24 21:46:49,353 | INFO | watchfiles.main | 1 change detected
2026-09-24 21:46:49,757 | INFO | watchfiles.main | 1 change detected
2026-09-24 21:46:50,205 | INFO | watchfiles.main | 1 change detected
2026-09-24 21:46:50,559 | INFO | watchfiles.main | 1 change detected
2026-09-24 21:46:50,963 | INFO | watchfiles.main | 1 change detected
2026-09-24 21:46:51,368 | INFO | watchfiles.main | 1 change detected
2026-09-24 21:46:51,772 | INFO | watchfiles.main | 1 change detected
2026-09-24 21:46:52,178 | INFO | watchfiles.main | 1 change detected
2026-09-24 21:46:52,597 | INFO | watchfiles.main | 1 change detected
2026-09-24 21:46:53,002 | INFO | watchfiles.main | 1 change detected
2026-09-24 21:46:53,409 | INFO | watchfiles.main | 1 change detected
2026-09-24 21:46:53,834 | INFO | watchfiles.main | 1 change detected
2026-09-24 21:46:54,201 | INFO | watchfiles.main | 1 change detected
2026-09-24 21:46:54,610 | INFO | watchfiles.main | 1 change detected
2026-09-24 21:46:55,026 | INFO | watchfiles.main | 1 change detected
2026-09-24 21:46:55,434 | INFO | watchfiles.main | 1 change detected
2026-09-24 21:46:55,845 | INFO | watchfiles.main | 1 change detected
2026-09-24 21:46:56,249 | INFO | watchfiles.main | 1 change detected
2026-09-24 21:46:56,666 | INFO | watchfiles.main | 1 change detected
2026-09-24 21:46:57,075 | INFO | watchfiles.main | 1 change detected
2026-09-24 21:46:57,480 | INFO | watchfiles.main | 1 change detected
2026-09-24 21:46:57,886 | INFO | watchfiles.main | 1 change detected
2026-09-24 21:46:58,294 | INFO | watchfiles.main | 1 change detected
2026-09-24 21:46:58,698 | INFO | watchfiles.main | 1 change detected
2026-09-24 21:46:59,100 | INFO | watchfiles.main | 1 change detected
2026-09-24 21:46:59,510 | INFO | watchfiles.main | 1 change detected
2026-09-24 21:46:59,909 | INFO | watchfiles.main | 1 change detected
2026-09-24 21:47:00,314 | INFO | watchfiles.main | 1 change detected
2026-09-24 21:47:00,721 | INFO | watchfiles.main | 1 change detected
2026-09-24 21:47:01,127 | INFO | watchfiles.main | 1 change detected
2026-09-24 21:47:01,532 | INFO | watchfiles.main | 1 change detected
2026-09-24 21:47:01,947 | INFO | watchfiles.main | 1 change detected
2026-09-24 21:47:02,352 | INFO | watchfiles.main | 1 change detected
2026-09-24 21:47:02,757 | INFO | watchfiles.main | 1 change detected
2026-09-24 21:47:03,162 | INFO | watchfiles.main | 1 change detected
2026-09-24 21:47:03,569 | INFO | watchfiles.main | 1 change detected
2026-09-24 21:47:03,971 | INFO | watchfiles.main | 1 change detected
2026-09-24 21:47:04,378 | INFO | watchfiles.main | 1 change detected
2026-09-24 21:47:04,782 | INFO | watchfiles.main | 1 change detected
2026-09-24 21:47:05,191 | INFO | watchfiles.main | 1 change detected
2026-09-24 21:47:05,610 | INFO | watchfiles.main | 1 change detected
2026-09-24 21:47:06,026 | INFO | watchfiles.main | 1 change detected
2026-09-24 21:47:06,428 | INFO | watchfiles.main | 1 change detected
2026-09-24 21:47:06,835 | INFO | watchfiles.main | 1 change detected
2026-09-24 21:47:07,240 | INFO | watchfiles.main | 1 change detected
2026-09-24 21:47:07,649 | INFO | watchfiles.main | 1 change detected
2026-09-24 21:47:08,061 | INFO | watchfiles.main | 1 change detected
2026-09-24 21:47:08,475 | INFO | watchfiles.main | 1 change detected
2026-09-24 21:47:08,842 | INFO | watchfiles.main | 1 change detected
2026-09-24 21:47:09,249 | INFO | watchfiles.main | 1 change detected
2026-09-24 21:47:09,654 | INFO | watchfiles.main | 1 change detected
2026-09-24 21:47:10,070 | INFO | watchfiles.main | 1 change detected
2026-09-24 21:47:10,487 | INFO | watchfiles.main | 1 change detected
2026-09-24 21:47:10,852 | INFO | watchfiles.main | 1 change detected
2026-09-24 21:47:11,257 | INFO | watchfiles.main | 1 change detected
2026-09-24 21:47:11,661 | INFO | watchfiles.main | 1 change detected
2026-09-24 21:47:12,069 | INFO | watchfiles.main | 1 change detected
2026-09-24 21:47:12,472 | INFO | watchfiles.main | 1 change detected
2026-09-24 21:47:12,889 | INFO | watchfiles.main | 1 change detected
2026-09-24 21:47:13,293 | INFO | watchfiles.main | 1 change detected
2026-09-24 21:47:13,704 | INFO | watchfiles.main | 1 change detected
2026-09-24 21:47:14,077 | INFO | watchfiles.main | 1 change detected
2026-09-24 21:47:14,490 | INFO | watchfiles.main | 1 change detected
2026-09-24 21:47:14,898 | INFO | watchfiles.main | 1 change detected
2026-09-24 21:47:15,314 | INFO | watchfiles.main | 1 change detected
2026-09-24 21:47:15,716 | INFO | watchfiles.main | 1 change detected
2026-09-24 21:47:16,118 | INFO | watchfiles.main | 1 change detected
2026-09-24 21:47:16,485 | INFO | watchfiles.main | 1 change detected
2026-09-24 21:47:16,944 | INFO | watchfiles.main | 1 change detected
2026-09-24 21:47:17,346 | INFO | watchfiles.main | 1 change detected
2026-09-24 21:47:17,763 | INFO | watchfiles.main | 1 change detected
2026-09-24 21:47:18,168 | INFO | watchfiles.main | 1 change detected
2026-09-24 21:47:18,569 | INFO | watchfiles.main | 1 change detected
2026-09-24 21:47:18,973 | INFO | watchfiles.main | 1 change detected
2026-09-24 21:47:19,339 | INFO | watchfiles.main | 1 change detected
2026-09-24 21:47:19,745 | INFO | watchfiles.main | 1 change detected
2026-09-24 21:47:20,152 | INFO | watchfiles.main | 1 change detected
2026-09-24 21:47:20,567 | INFO | watchfiles.main | 1 change detected
2026-09-24 21:47:20,976 | INFO | watchfiles.main | 1 change detected
2026-09-24 21:47:21,392 | INFO | watchfiles.main | 1 change detected
2026-09-24 21:47:21,794 | INFO | watchfiles.main | 1 change detected
2026-09-24 21:47:22,248 | INFO | watchfiles.main | 1 change detected
2026-09-24 21:47:22,612 | INFO | watchfiles.main | 1 change detected
2026-09-24 21:47:23,017 | INFO | watchfiles.main | 1 change detected
2026-09-24 21:47:23,424 | INFO | watchfiles.main | 1 change detected
2026-09-24 21:47:23,828 | INFO | watchfiles.main | 1 change detected
2026-09-24 21:47:24,244 | INFO | watchfiles.main | 1 change detected
2026-09-24 21:47:24,660 | INFO | watchfiles.main | 1 change detected
2026-09-24 21:47:25,026 | INFO | watchfiles.main | 1 change detected
2026-09-24 21:47:25,469 | INFO | watchfiles.main | 1 change detected
2026-09-24 21:47:25,882 | INFO | watchfiles.main | 1 change detected
2026-09-24 21:47:26,287 | INFO | watchfiles.main | 1 change detected
2026-09-24 21:47:26,691 | INFO | watchfiles.main | 1 change detected
2026-09-24 21:47:27,093 | INFO | watchfiles.main | 1 change detected
2026-09-24 21:47:27,497 | INFO | watchfiles.main | 1 change detected
2026-09-24 21:47:27,902 | INFO | watchfiles.main | 1 change detected
2026-09-24 21:47:28,305 | INFO | watchfiles.main | 1 change detected
2026-09-24 21:47:28,710 | INFO | watchfiles.main | 1 change detected
2026-09-24 21:47:29,116 | INFO | watchfiles.main | 1 change detected
2026-09-24 21:47:29,520 | INFO | watchfiles.main | 1 change detected
2026-09-24 21:47:29,937 | INFO | watchfiles.main | 1 change detected
2026-09-24 21:47:30,341 | INFO | watchfiles.main | 1 change detected
2026-09-24 21:47:30,746 | INFO | watchfiles.main | 1 change detected
2026-09-24 21:47:31,149 | INFO | watchfiles.main | 1 change detected
2026-09-24 21:47:31,541 | INFO | watchfiles.main | 1 change detected
2026-09-24 21:47:31,947 | INFO | watchfiles.main | 1 change detected
2026-09-24 21:47:32,405 | INFO | watchfiles.main | 1 change detected
2026-09-24 21:47:32,770 | INFO | watchfiles.main | 1 change detected
2026-09-24 21:47:33,176 | INFO | watchfiles.main | 1 change detected
2026-09-24 21:47:33,580 | INFO | watchfiles.main | 1 change detected
2026-09-24 21:47:33,983 | INFO | watchfiles.main | 1 change detected
2026-09-24 21:47:34,386 | INFO | watchfiles.main | 1 change detected
2026-09-24 21:47:34,792 | INFO | watchfiles.main | 1 change detected
2026-09-24 21:47:35,208 | INFO | watchfiles.main | 1 change detected
2026-09-24 21:47:35,614 | INFO | watchfiles.main | 1 change detected
2026-09-24 21:47:36,020 | INFO | watchfiles.main | 1 change detected
2026-09-24 21:47:36,424 | INFO | watchfiles.main | 1 change detected
2026-09-24 21:47:36,828 | INFO | watchfiles.main | 1 change detected
2026-09-24 21:47:37,244 | INFO | watchfiles.main | 1 change detected
2026-09-24 21:47:37,648 | INFO | watchfiles.main | 1 change detected
2026-09-24 21:47:38,051 | INFO | watchfiles.main | 1 change detected
2026-09-24 21:47:38,453 | INFO | watchfiles.main | 1 change detected
2026-09-24 21:47:38,859 | INFO | watchfiles.main | 1 change detected
2026-09-24 21:47:39,263 | INFO | watchfiles.main | 1 change detected
2026-09-24 21:47:39,667 | INFO | watchfiles.main | 1 change detected
2026-09-24 21:47:40,087 | INFO | watchfiles.main | 1 change detected
2026-09-24 21:47:40,488 | INFO | watchfiles.main | 1 change detected
2026-09-24 21:47:40,890 | INFO | watchfiles.main | 1 change detected
2026-09-24 21:47:41,293 | INFO | watchfiles.main | 1 change detected
2026-09-24 21:47:41,697 | INFO | watchfiles.main | 1 change detected
2026-09-24 21:47:42,101 | INFO | watchfiles.main | 1 change detected
2026-09-24 21:47:42,506 | INFO | watchfiles.main | 1 change detected
2026-09-24 21:47:42,912 | INFO | watchfiles.main | 1 change detected
2026-09-24 21:47:43,314 | INFO | watchfiles.main | 1 change detected
2026-09-24 21:47:43,718 | INFO | watchfiles.main | 1 change detected
2026-09-24 21:47:44,122 | INFO | watchfiles.main | 1 change detected
2026-09-24 21:47:44,528 | INFO | watchfiles.main | 1 change detected
2026-09-24 21:47:44,932 | INFO | watchfiles.main | 1 change detected
2026-09-24 21:47:45,358 | INFO | watchfiles.main | 1 change detected
2026-09-24 21:47:45,774 | INFO | watchfiles.main | 1 change detected
2026-09-24 21:47:46,179 | INFO | watchfiles.main | 1 change detected
2026-09-24 21:47:46,583 | INFO | watchfiles.main | 1 change detected
2026-09-24 21:47:46,986 | INFO | watchfiles.main | 1 change detected
2026-09-24 21:47:47,394 | INFO | watchfiles.main | 1 change detected
2026-09-24 21:47:47,799 | INFO | watchfiles.main | 1 change detected
2026-09-24 21:47:48,207 | INFO | watchfiles.main | 1 change detected
2026-09-24 21:47:48,613 | INFO | watchfiles.main | 1 change detected
2026-09-24 21:47:49,049 | INFO | watchfiles.main | 1 change detected
2026-09-24 21:47:49,457 | INFO | watchfiles.main | 1 change detected
2026-09-24 21:47:49,862 | INFO | watchfiles.main | 1 change detected
2026-09-24 21:47:50,329 | INFO | watchfiles.main | 1 change detected
2026-09-24 21:47:50,748 | INFO | watchfiles.main | 1 change detected
2026-09-24 21:47:51,189 | INFO | watchfiles.main | 1 change detected
2026-09-24 21:47:51,910 | INFO | watchfiles.main | 1 change detected
2026-09-24 21:47:52,524 | INFO | watchfiles.main | 1 change detected
2026-09-24 21:47:52,989 | INFO | watchfiles.main | 1 change detected
2026-09-24 21:47:53,530 | INFO | watchfiles.main | 1 change detected
2026-09-24 21:47:53,912 | INFO | watchfiles.main | 1 change detected
2026-09-24 21:47:54,421 | INFO | watchfiles.main | 1 change detected
2026-09-24 21:47:54,825 | INFO | watchfiles.main | 1 change detected
2026-09-24 21:47:55,452 | INFO | watchfiles.main | 1 change detected
2026-09-24 21:47:55,880 | INFO | watchfiles.main | 1 change detected
2026-09-24 21:47:56,335 | INFO | watchfiles.main | 1 change detected
2026-09-24 21:47:56,834 | INFO | watchfiles.main | 1 change detected
2026-09-24 21:47:57,219 | INFO | watchfiles.main | 1 change detected
2026-09-24 21:47:57,583 | INFO | watchfiles.main | 1 change detected
2026-09-24 21:47:58,002 | INFO | watchfiles.main | 1 change detected
2026-09-24 21:47:58,421 | INFO | watchfiles.main | 1 change detected
2026-09-24 21:47:58,788 | INFO | watchfiles.main | 1 change detected
2026-09-24 21:47:59,268 | INFO | watchfiles.main | 1 change detected
2026-09-24 21:47:59,693 | INFO | watchfiles.main | 1 change detected
2026-09-24 21:48:00,129 | INFO | watchfiles.main | 1 change detected
2026-09-24 21:48:00,559 | INFO | watchfiles.main | 1 change detected
2026-09-24 21:48:01,110 | INFO | watchfiles.main | 1 change detected
2026-09-24 21:48:01,475 | INFO | watchfiles.main | 1 change detected
2026-09-24 21:48:01,891 | INFO | watchfiles.main | 1 change detected
2026-09-24 21:48:02,330 | INFO | watchfiles.main | 1 change detected
2026-09-24 21:48:02,737 | INFO | watchfiles.main | 1 change detected
2026-09-24 21:48:03,203 | INFO | watchfiles.main | 1 change detected
2026-09-24 21:48:03,667 | INFO | watchfiles.main | 1 change detected
2026-09-24 21:48:04,228 | INFO | watchfiles.main | 1 change detected
2026-09-24 21:48:04,590 | INFO | watchfiles.main | 1 change detected
2026-09-24 21:48:04,991 | INFO | watchfiles.main | 1 change detected
2026-09-24 21:48:05,398 | INFO | watchfiles.main | 1 change detected
2026-09-24 21:48:05,826 | INFO | watchfiles.main | 1 change detected
2026-09-24 21:48:06,216 | INFO | watchfiles.main | 1 change detected
2026-09-24 21:48:06,621 | INFO | watchfiles.main | 1 change detected
2026-09-24 21:48:07,024 | INFO | watchfiles.main | 1 change detected
2026-09-24 21:48:07,386 | INFO | watchfiles.main | 1 change detected
2026-09-24 21:48:07,852 | INFO | watchfiles.main | 1 change detected
2026-09-24 21:48:08,258 | INFO | watchfiles.main | 1 change detected
2026-09-24 21:48:08,678 | INFO | watchfiles.main | 1 change detected
2026-09-24 21:48:09,134 | INFO | watchfiles.main | 1 change detected
2026-09-24 21:48:09,551 | INFO | watchfiles.main | 1 change detected
2026-09-24 21:48:10,710 | INFO | watchfiles.main | 1 change detected
2026-09-24 21:48:11,274 | INFO | watchfiles.main | 1 change detected
2026-09-24 21:48:11,651 | INFO | watchfiles.main | 1 change detected
2026-09-24 21:48:12,306 | INFO | watchfiles.main | 1 change detected
2026-09-24 21:48:12,668 | INFO | watchfiles.main | 1 change detected
2026-09-24 21:48:13,081 | INFO | watchfiles.main | 1 change detected
2026-09-24 21:48:13,528 | INFO | watchfiles.main | 1 change detected
2026-09-24 21:48:13,952 | INFO | watchfiles.main | 1 change detected
2026-09-24 21:48:14,373 | INFO | watchfiles.main | 1 change detected
2026-09-24 21:48:14,837 | INFO | watchfiles.main | 1 change detected
2026-09-24 21:48:15,243 | INFO | watchfiles.main | 1 change detected
2026-09-24 21:48:15,706 | INFO | watchfiles.main | 1 change detected
2026-09-24 21:48:16,147 | INFO | watchfiles.main | 1 change detected
2026-09-24 21:48:16,559 | INFO | watchfiles.main | 1 change detected
2026-09-24 21:48:17,001 | INFO | watchfiles.main | 1 change detected
2026-09-24 21:48:17,421 | INFO | watchfiles.main | 1 change detected
2026-09-24 21:48:17,789 | INFO | watchfiles.main | 1 change detected
2026-09-24 21:48:18,224 | INFO | watchfiles.main | 1 change detected
2026-09-24 21:48:18,698 | INFO | watchfiles.main | 1 change detected
2026-09-24 21:48:19,555 | INFO | watchfiles.main | 1 change detected
2026-09-24 21:48:19,911 | INFO | watchfiles.main | 1 change detected
2026-09-24 21:48:20,385 | INFO | watchfiles.main | 1 change detected
2026-09-24 21:48:20,803 | INFO | watchfiles.main | 1 change detected
2026-09-24 21:48:21,221 | INFO | watchfiles.main | 1 change detected
2026-09-24 21:48:21,626 | INFO | watchfiles.main | 1 change detected
2026-09-24 21:48:22,042 | INFO | watchfiles.main | 1 change detected
2026-09-24 21:48:22,448 | INFO | watchfiles.main | 1 change detected
2026-09-24 21:48:22,856 | INFO | watchfiles.main | 1 change detected
2026-09-24 21:48:23,322 | INFO | watchfiles.main | 1 change detected
2026-09-24 21:48:23,726 | INFO | watchfiles.main | 1 change detected
2026-09-24 21:48:24,140 | INFO | watchfiles.main | 1 change detected
2026-09-24 21:48:24,546 | INFO | watchfiles.main | 1 change detected
2026-09-24 21:48:24,949 | INFO | watchfiles.main | 1 change detected
2026-09-24 21:48:25,351 | INFO | watchfiles.main | 1 change detected
2026-09-24 21:48:25,758 | INFO | watchfiles.main | 1 change detected
2026-09-24 21:48:26,160 | INFO | watchfiles.main | 1 change detected
2026-09-24 21:48:26,567 | INFO | watchfiles.main | 1 change detected
2026-09-24 21:48:26,983 | INFO | watchfiles.main | 1 change detected
2026-09-24 21:48:27,402 | INFO | watchfiles.main | 1 change detected
2026-09-24 21:48:27,813 | INFO | watchfiles.main | 1 change detected
2026-09-24 21:48:28,270 | INFO | watchfiles.main | 1 change detected
2026-09-24 21:48:28,938 | INFO | watchfiles.main | 1 change detected
2026-09-24 21:48:29,297 | INFO | watchfiles.main | 1 change detected
2026-09-24 21:48:29,707 | INFO | watchfiles.main | 1 change detected
2026-09-24 21:48:30,108 | INFO | watchfiles.main | 1 change detected
2026-09-24 21:48:30,512 | INFO | watchfiles.main | 1 change detected
2026-09-24 21:48:30,918 | INFO | watchfiles.main | 1 change detected
2026-09-24 21:48:31,322 | INFO | watchfiles.main | 1 change detected
2026-09-24 21:48:31,739 | INFO | watchfiles.main | 1 change detected
2026-09-24 21:48:32,143 | INFO | watchfiles.main | 1 change detected
2026-09-24 21:48:32,508 | INFO | watchfiles.main | 1 change detected
2026-09-24 21:48:32,921 | INFO | watchfiles.main | 1 change detected
2026-09-24 21:48:33,337 | INFO | watchfiles.main | 1 change detected
2026-09-24 21:48:33,741 | INFO | watchfiles.main | 1 change detected
2026-09-24 21:48:34,142 | INFO | watchfiles.main | 1 change detected
2026-09-24 21:48:34,558 | INFO | watchfiles.main | 1 change detected
2026-09-24 21:48:34,961 | INFO | watchfiles.main | 1 change detected
2026-09-24 21:48:35,363 | INFO | watchfiles.main | 1 change detected
2026-09-24 21:48:35,767 | INFO | watchfiles.main | 1 change detected
2026-09-24 21:48:36,181 | INFO | watchfiles.main | 1 change detected
2026-09-24 21:48:36,589 | INFO | watchfiles.main | 1 change detected
2026-09-24 21:48:36,999 | INFO | watchfiles.main | 1 change detected
2026-09-24 21:48:37,404 | INFO | watchfiles.main | 1 change detected
2026-09-24 21:48:37,671 | INFO | main | country end point called 127.0.0.1
2026-09-24 21:48:37,807 | INFO | watchfiles.main | 1 change detected
2026-09-24 21:48:38,214 | INFO | watchfiles.main | 1 change detected
2026-09-24 21:48:38,671 | INFO | watchfiles.main | 1 change detected
2026-09-24 21:48:39,085 | INFO | watchfiles.main | 1 change detected
2026-09-24 21:48:39,450 | INFO | watchfiles.main | 1 change detected
2026-09-24 21:48:39,855 | INFO | watchfiles.main | 1 change detected
2026-09-24 21:48:40,262 | INFO | watchfiles.main | 1 change detected
2026-09-24 21:48:40,666 | INFO | watchfiles.main | 1 change detected
2026-09-24 21:48:41,068 | INFO | watchfiles.main | 1 change detected
2026-09-24 21:48:41,473 | INFO | watchfiles.main | 1 change detected
2026-09-24 21:48:41,880 | INFO | watchfiles.main | 1 change detected
2026-09-24 21:48:42,288 | INFO | watchfiles.main | 1 change detected
2026-09-24 21:48:42,692 | INFO | watchfiles.main | 1 change detected
2026-09-24 21:48:43,100 | INFO | watchfiles.main | 1 change detected
2026-09-24 21:48:43,505 | INFO | watchfiles.main | 1 change detected
2026-09-24 21:48:43,909 | INFO | watchfiles.main | 1 change detected
2026-09-24 21:48:44,363 | INFO | watchfiles.main | 1 change detected
2026-09-24 21:48:44,716 | INFO | watchfiles.main | 1 change detected
2026-09-24 21:48:45,120 | INFO | watchfiles.main | 1 change detected
2026-09-24 21:48:45,529 | INFO | watchfiles.main | 1 change detected
2026-09-24 21:48:45,937 | INFO | watchfiles.main | 1 change detected
2026-09-24 21:48:46,353 | INFO | watchfiles.main | 1 change detected
2026-09-24 21:48:46,757 | INFO | watchfiles.main | 1 change detected
2026-09-24 21:48:47,262 | INFO | watchfiles.main | 1 change detected
2026-09-24 21:48:47,623 | INFO | watchfiles.main | 1 change detected
2026-09-24 21:48:47,984 | INFO | watchfiles.main | 1 change detected
2026-09-24 21:48:48,343 | INFO | watchfiles.main | 1 change detected
2026-09-24 21:48:48,751 | INFO | watchfiles.main | 1 change detected
2026-09-24 21:48:49,159 | INFO | watchfiles.main | 1 change detected
2026-09-24 21:48:49,564 | INFO | watchfiles.main | 1 change detected
2026-09-24 21:48:49,967 | INFO | watchfiles.main | 1 change detected
2026-09-24 21:48:50,373 | INFO | watchfiles.main | 1 change detected
2026-09-24 21:48:50,779 | INFO | watchfiles.main | 1 change detected
2026-09-24 21:48:51,185 | INFO | watchfiles.main | 1 change detected
2026-09-24 21:48:51,594 | INFO | watchfiles.main | 1 change detected
2026-09-24 21:48:51,999 | INFO | watchfiles.main | 1 change detected
2026-09-24 21:48:52,415 | INFO | watchfiles.main | 1 change detected
2026-09-24 21:48:52,821 | INFO | watchfiles.main | 1 change detected
2026-09-24 21:48:53,229 | INFO | watchfiles.main | 1 change detected
2026-09-24 21:48:53,634 | INFO | watchfiles.main | 1 change detected
2026-09-24 21:48:54,037 | INFO | watchfiles.main | 1 change detected
2026-09-24 21:48:54,394 | INFO | watchfiles.main | 1 change detected
2026-09-24 21:48:54,804 | INFO | watchfiles.main | 1 change detected
2026-09-24 21:48:55,205 | INFO | watchfiles.main | 1 change detected
2026-09-24 21:48:55,607 | INFO | watchfiles.main | 1 change detected
2026-09-24 21:48:56,009 | INFO | watchfiles.main | 1 change detected
2026-09-24 21:48:56,412 | INFO | watchfiles.main | 1 change detected
2026-09-24 21:48:56,818 | INFO | watchfiles.main | 1 change detected
2026-09-24 21:48:57,233 | INFO | watchfiles.main | 1 change detected
2026-09-24 21:48:57,639 | INFO | watchfiles.main | 1 change detected
2026-09-24 21:48:58,055 | INFO | watchfiles.main | 1 change detected
2026-09-24 21:48:58,459 | INFO | watchfiles.main | 1 change detected
2026-09-24 21:48:58,863 | INFO | watchfiles.main | 1 change detected
2026-09-24 21:48:59,270 | INFO | watchfiles.main | 1 change detected
2026-09-24 21:48:59,681 | INFO | watchfiles.main | 1 change detected
2026-09-24 21:49:00,085 | INFO | watchfiles.main | 1 change detected
2026-09-24 21:49:00,492 | INFO | watchfiles.main | 1 change detected
2026-09-24 21:49:00,857 | INFO | watchfiles.main | 1 change detected
2026-09-24 21:49:01,265 | INFO | watchfiles.main | 1 change detected
2026-09-24 21:49:01,671 | INFO | watchfiles.main | 1 change detected
2026-09-24 21:49:02,073 | INFO | watchfiles.main | 1 change detected
2026-09-24 21:49:02,480 | INFO | watchfiles.main | 1 change detected
2026-09-24 21:49:03,048 | INFO | watchfiles.main | 1 change detected
2026-09-24 21:49:03,558 | INFO | watchfiles.main | 1 change detected
2026-09-24 21:49:03,920 | INFO | watchfiles.main | 1 change detected
2026-09-24 21:49:04,328 | INFO | watchfiles.main | 1 change detected
2026-09-24 21:49:04,736 | INFO | watchfiles.main | 1 change detected
2026-09-24 21:49:05,138 | INFO | watchfiles.main | 1 change detected
2026-09-24 21:49:05,540 | INFO | watchfiles.main | 1 change detected
2026-09-24 21:49:05,943 | INFO | watchfiles.main | 1 change detected
2026-09-24 21:49:06,350 | INFO | watchfiles.main | 1 change detected
2026-09-24 21:49:06,765 | INFO | watchfiles.main | 1 change detected
2026-09-24 21:49:07,171 | INFO | watchfiles.main | 1 change detected
2026-09-24 21:49:07,535 | INFO | watchfiles.main | 1 change detected
2026-09-24 21:49:07,943 | INFO | watchfiles.main | 1 change detected
2026-09-24 21:49:08,350 | INFO | watchfiles.main | 1 change detected
2026-09-24 21:49:08,755 | INFO | watchfiles.main | 1 change detected
2026-09-24 21:49:09,209 | INFO | watchfiles.main | 1 change detected
2026-09-24 21:49:09,611 | INFO | watchfiles.main | 1 change detected
2026-09-24 21:49:10,012 | INFO | watchfiles.main | 1 change detected
2026-09-24 21:49:10,416 | INFO | watchfiles.main | 1 change detected
2026-09-24 21:49:10,826 | INFO | watchfiles.main | 1 change detected
2026-09-24 21:49:11,191 | INFO | watchfiles.main | 1 change detected
2026-09-24 21:49:11,600 | INFO | watchfiles.main | 1 change detected
2026-09-24 21:49:12,016 | INFO | watchfiles.main | 1 change detected
2026-09-24 21:49:12,418 | INFO | watchfiles.main | 1 change detected
2026-09-24 21:49:12,824 | INFO | watchfiles.main | 1 change detected
2026-09-24 21:49:13,231 | INFO | watchfiles.main | 1 change detected
2026-09-24 21:49:13,589 | INFO | watchfiles.main | 1 change detected
2026-09-24 21:49:14,001 | INFO | watchfiles.main | 1 change detected
2026-09-24 21:49:14,413 | INFO | watchfiles.main | 1 change detected
2026-09-24 21:49:14,867 | INFO | watchfiles.main | 1 change detected
2026-09-24 21:49:15,239 | INFO | watchfiles.main | 1 change detected
2026-09-24 21:49:15,648 | INFO | watchfiles.main | 1 change detected
2026-09-24 21:49:16,051 | INFO | watchfiles.main | 1 change detected
2026-09-24 21:49:16,455 | INFO | watchfiles.main | 1 change detected
2026-09-24 21:49:16,858 | INFO | watchfiles.main | 1 change detected
2026-09-24 21:49:17,260 | INFO | watchfiles.main | 1 change detected
2026-09-24 21:49:17,676 | INFO | watchfiles.main | 1 change detected
2026-09-24 21:49:18,080 | INFO | watchfiles.main | 1 change detected
2026-09-24 21:49:18,497 | INFO | watchfiles.main | 1 change detected
2026-09-24 21:49:18,904 | INFO | watchfiles.main | 1 change detected
2026-09-24 21:49:19,309 | INFO | watchfiles.main | 1 change detected
2026-09-24 21:49:19,713 | INFO | watchfiles.main | 1 change detected
2026-09-24 21:49:20,117 | INFO | watchfiles.main | 1 change detected
2026-09-24 21:49:20,529 | INFO | watchfiles.main | 1 change detected
2026-09-24 21:49:20,934 | INFO | watchfiles.main | 1 change detected
2026-09-24 21:49:21,341 | INFO | watchfiles.main | 1 change detected
2026-09-24 21:49:21,708 | INFO | watchfiles.main | 1 change detected
2026-09-24 21:49:22,115 | INFO | watchfiles.main | 1 change detected
2026-09-24 21:49:22,519 | INFO | watchfiles.main | 1 change detected
2026-09-24 21:49:22,921 | INFO | watchfiles.main | 1 change detected
2026-09-24 21:49:23,324 | INFO | watchfiles.main | 1 change detected
2026-09-24 21:49:23,729 | INFO | watchfiles.main | 1 change detected
2026-09-24 21:49:24,136 | INFO | watchfiles.main | 1 change detected
2026-09-24 21:49:24,552 | INFO | watchfiles.main | 1 change detected
2026-09-24 21:49:24,956 | INFO | watchfiles.main | 1 change detected
2026-09-24 21:49:25,359 | INFO | watchfiles.main | 1 change detected
2026-09-24 21:49:25,762 | INFO | watchfiles.main | 1 change detected
2026-09-24 21:49:26,012 | INFO | sqlalchemy.engine.Engine | BEGIN (implicit)
2026-09-24 21:49:26,051 | INFO | sqlalchemy.engine.Engine | SELECT products.id AS products_id, products.name AS products_name, products.description AS products_description, products.category AS products_category, products.price AS products_price, products.stock AS products_stock, products.is_active AS products_is_active 
FROM products ORDER BY products.id ASC 
 LIMIT %(param_1)s OFFSET %(param_2)s
2026-09-24 21:49:26,052 | INFO | sqlalchemy.engine.Engine | [generated in 0.00460s] {'param_1': 10, 'param_2': 0}
2026-09-24 21:49:26,144 | INFO | sqlalchemy.engine.Engine | ROLLBACK
2026-09-24 21:49:26,167 | INFO | watchfiles.main | 1 change detected
2026-09-24 21:49:26,573 | INFO | watchfiles.main | 1 change detected
2026-09-24 21:49:26,978 | INFO | watchfiles.main | 1 change detected
2026-09-24 21:49:27,382 | INFO | watchfiles.main | 1 change detected
2026-09-24 21:49:27,788 | INFO | watchfiles.main | 1 change detected
2026-09-24 21:49:28,193 | INFO | watchfiles.main | 1 change detected
2026-09-24 21:49:28,597 | INFO | watchfiles.main | 1 change detected
2026-09-24 21:49:29,013 | INFO | watchfiles.main | 1 change detected
2026-09-24 21:49:29,419 | INFO | watchfiles.main | 1 change detected
2026-09-24 21:49:29,822 | INFO | watchfiles.main | 1 change detected
2026-09-24 21:49:30,225 | INFO | watchfiles.main | 1 change detected
2026-09-24 21:49:30,588 | INFO | watchfiles.main | 1 change detected
2026-09-24 21:49:31,001 | INFO | watchfiles.main | 1 change detected
2026-09-24 21:49:31,407 | INFO | watchfiles.main | 1 change detected
2026-09-24 21:49:31,810 | INFO | watchfiles.main | 1 change detected
2026-09-24 21:49:32,213 | INFO | watchfiles.main | 1 change detected
2026-09-24 21:49:32,615 | INFO | watchfiles.main | 1 change detected
2026-09-24 21:49:33,022 | INFO | watchfiles.main | 1 change detected
2026-09-24 21:49:33,428 | INFO | watchfiles.main | 1 change detected
2026-09-24 21:49:33,844 | INFO | watchfiles.main | 1 change detected
2026-09-24 21:49:34,260 | INFO | watchfiles.main | 1 change detected
2026-09-24 21:49:34,618 | INFO | watchfiles.main | 1 change detected
2026-09-24 21:49:35,022 | INFO | watchfiles.main | 1 change detected
2026-09-24 21:49:35,425 | INFO | watchfiles.main | 1 change detected
2026-09-24 21:49:35,830 | INFO | watchfiles.main | 1 change detected
2026-09-24 21:49:36,234 | INFO | watchfiles.main | 1 change detected
2026-09-24 21:49:36,636 | INFO | watchfiles.main | 1 change detected
2026-09-24 21:49:37,039 | INFO | watchfiles.main | 1 change detected
2026-09-24 21:49:37,443 | INFO | watchfiles.main | 1 change detected
2026-09-24 21:49:37,850 | INFO | watchfiles.main | 1 change detected
2026-09-24 21:49:38,279 | INFO | watchfiles.main | 1 change detected
2026-09-24 21:49:38,693 | INFO | watchfiles.main | 1 change detected
2026-09-24 21:49:39,096 | INFO | watchfiles.main | 1 change detected
2026-09-24 21:49:39,511 | INFO | watchfiles.main | 1 change detected
2026-09-24 21:49:39,915 | INFO | watchfiles.main | 1 change detected
2026-09-24 21:49:40,320 | INFO | watchfiles.main | 1 change detected
2026-09-24 21:49:40,724 | INFO | watchfiles.main | 1 change detected
2026-09-24 21:49:41,076 | INFO | watchfiles.main | 1 change detected
2026-09-24 21:49:41,483 | INFO | watchfiles.main | 1 change detected
2026-09-24 21:49:41,886 | INFO | watchfiles.main | 1 change detected
2026-09-24 21:49:42,291 | INFO | watchfiles.main | 1 change detected
2026-09-24 21:49:42,693 | INFO | watchfiles.main | 1 change detected
2026-09-24 21:49:43,097 | INFO | watchfiles.main | 1 change detected
2026-09-24 21:49:43,500 | INFO | watchfiles.main | 1 change detected
2026-09-24 21:49:43,907 | INFO | watchfiles.main | 1 change detected
2026-09-24 21:49:44,320 | INFO | watchfiles.main | 1 change detected
2026-09-24 21:49:44,737 | INFO | watchfiles.main | 1 change detected
2026-09-24 21:49:45,138 | INFO | watchfiles.main | 1 change detected
2026-09-24 21:49:45,539 | INFO | watchfiles.main | 1 change detected
2026-09-24 21:49:45,944 | INFO | watchfiles.main | 1 change detected
2026-09-24 21:49:46,346 | INFO | watchfiles.main | 1 change detected
2026-09-24 21:49:46,748 | INFO | watchfiles.main | 1 change detected
2026-09-24 21:49:47,152 | INFO | watchfiles.main | 1 change detected
2026-09-24 21:49:47,556 | INFO | watchfiles.main | 1 change detected
2026-09-24 21:49:47,959 | INFO | watchfiles.main | 1 change detected
2026-09-24 21:49:48,364 | INFO | watchfiles.main | 1 change detected
2026-09-24 21:49:48,776 | INFO | watchfiles.main | 1 change detected
2026-09-24 21:49:49,131 | INFO | watchfiles.main | 1 change detected
2026-09-24 21:49:49,537 | INFO | watchfiles.main | 1 change detected
2026-09-24 21:49:49,952 | INFO | watchfiles.main | 1 change detected
2026-09-24 21:49:50,356 | INFO | watchfiles.main | 1 change detected
2026-09-24 21:49:50,759 | INFO | watchfiles.main | 1 change detected
2026-09-24 21:49:51,163 | INFO | watchfiles.main | 1 change detected
2026-09-24 21:49:51,566 | INFO | watchfiles.main | 1 change detected
2026-09-24 21:49:51,969 | INFO | watchfiles.main | 1 change detected
2026-09-24 21:49:52,371 | INFO | watchfiles.main | 1 change detected
2026-09-24 21:49:52,781 | INFO | watchfiles.main | 1 change detected
2026-09-24 21:49:53,185 | INFO | watchfiles.main | 1 change detected
2026-09-24 21:49:53,589 | INFO | watchfiles.main | 1 change detected
2026-09-24 21:49:53,993 | INFO | watchfiles.main | 1 change detected
2026-09-24 21:49:54,398 | INFO | watchfiles.main | 1 change detected
2026-09-24 21:49:54,764 | INFO | watchfiles.main | 1 change detected
2026-09-24 21:49:55,176 | INFO | watchfiles.main | 1 change detected
2026-09-24 21:49:55,579 | INFO | watchfiles.main | 1 change detected
2026-09-24 21:49:55,986 | INFO | watchfiles.main | 1 change detected
2026-09-24 21:49:56,392 | INFO | watchfiles.main | 1 change detected
2026-09-24 21:49:56,796 | INFO | watchfiles.main | 1 change detected
2026-09-24 21:49:57,201 | INFO | watchfiles.main | 1 change detected
2026-09-24 21:49:57,609 | INFO | watchfiles.main | 1 change detected
2026-09-24 21:49:58,014 | INFO | watchfiles.main | 1 change detected
2026-09-24 21:49:58,419 | INFO | watchfiles.main | 1 change detected
2026-09-24 21:49:58,827 | INFO | watchfiles.main | 1 change detected
2026-09-24 21:49:59,234 | INFO | watchfiles.main | 1 change detected
2026-09-24 21:49:59,650 | INFO | watchfiles.main | 1 change detected
2026-09-24 21:50:00,052 | INFO | watchfiles.main | 1 change detected
2026-09-24 21:50:00,459 | INFO | watchfiles.main | 1 change detected
2026-09-24 21:50:00,862 | INFO | watchfiles.main | 1 change detected
2026-09-24 21:50:01,264 | INFO | watchfiles.main | 1 change detected
2026-09-24 21:50:01,668 | INFO | watchfiles.main | 1 change detected
2026-09-24 21:50:02,072 | INFO | watchfiles.main | 1 change detected
2026-09-24 21:50:02,489 | INFO | watchfiles.main | 1 change detected
2026-09-24 21:50:02,893 | INFO | watchfiles.main | 1 change detected
2026-09-24 21:50:03,298 | INFO | watchfiles.main | 1 change detected
2026-09-24 21:50:03,664 | INFO | watchfiles.main | 1 change detected
2026-09-24 21:50:04,074 | INFO | watchfiles.main | 1 change detected
2026-09-24 21:50:04,483 | INFO | watchfiles.main | 1 change detected
2026-09-24 21:50:04,899 | INFO | watchfiles.main | 1 change detected
2026-09-24 21:50:05,307 | INFO | watchfiles.main | 1 change detected
2026-09-24 21:50:05,715 | INFO | watchfiles.main | 1 change detected
2026-09-24 21:50:06,118 | INFO | watchfiles.main | 1 change detected
2026-09-24 21:50:06,523 | INFO | watchfiles.main | 1 change detected
2026-09-24 21:50:06,928 | INFO | watchfiles.main | 1 change detected
2026-09-24 21:50:07,334 | INFO | watchfiles.main | 1 change detected
2026-09-24 21:50:07,736 | INFO | watchfiles.main | 1 change detected
2026-09-24 21:50:08,138 | INFO | watchfiles.main | 1 change detected
2026-09-24 21:50:08,546 | INFO | watchfiles.main | 1 change detected
2026-09-24 21:50:08,952 | INFO | watchfiles.main | 1 change detected
2026-09-24 21:50:09,407 | INFO | watchfiles.main | 1 change detected
2026-09-24 21:50:09,771 | INFO | watchfiles.main | 1 change detected
2026-09-24 21:50:10,186 | INFO | watchfiles.main | 1 change detected
2026-09-24 21:50:10,593 | INFO | watchfiles.main | 1 change detected
2026-09-24 21:50:11,091 | INFO | watchfiles.main | 1 change detected
2026-09-24 21:50:11,511 | INFO | watchfiles.main | 1 change detected
2026-09-24 21:50:11,869 | INFO | watchfiles.main | 1 change detected
2026-09-24 21:50:12,285 | INFO | watchfiles.main | 1 change detected
2026-09-24 21:50:12,897 | INFO | watchfiles.main | 1 change detected
2026-09-24 21:50:13,248 | INFO | watchfiles.main | 1 change detected
2026-09-24 21:50:13,658 | INFO | watchfiles.main | 1 change detected
2026-09-24 21:50:14,064 | INFO | watchfiles.main | 1 change detected
2026-09-24 21:50:14,468 | INFO | watchfiles.main | 1 change detected
2026-09-24 21:50:14,873 | INFO | watchfiles.main | 1 change detected
2026-09-24 21:50:15,279 | INFO | watchfiles.main | 1 change detected
2026-09-24 21:50:15,681 | INFO | watchfiles.main | 1 change detected
2026-09-24 21:50:16,083 | INFO | watchfiles.main | 1 change detected
2026-09-24 21:50:16,486 | INFO | watchfiles.main | 1 change detected
2026-09-24 21:50:16,889 | INFO | watchfiles.main | 1 change detected
2026-09-24 21:50:17,296 | INFO | watchfiles.main | 1 change detected
2026-09-24 21:50:17,701 | INFO | watchfiles.main | 1 change detected
2026-09-24 21:50:18,104 | INFO | watchfiles.main | 1 change detected
2026-09-24 21:50:18,518 | INFO | watchfiles.main | 1 change detected
2026-09-24 21:50:18,927 | INFO | watchfiles.main | 1 change detected
2026-09-24 21:50:19,333 | INFO | watchfiles.main | 1 change detected
2026-09-24 21:50:19,737 | INFO | watchfiles.main | 1 change detected
2026-09-24 21:50:20,142 | INFO | watchfiles.main | 1 change detected
2026-09-24 21:50:20,547 | INFO | watchfiles.main | 1 change detected
2026-09-24 21:50:20,953 | INFO | watchfiles.main | 1 change detected
2026-09-24 21:50:21,357 | INFO | watchfiles.main | 1 change detected
2026-09-24 21:50:21,760 | INFO | watchfiles.main | 1 change detected
2026-09-24 21:50:22,168 | INFO | watchfiles.main | 1 change detected
2026-09-24 21:50:22,534 | INFO | watchfiles.main | 1 change detected
2026-09-24 21:50:22,942 | INFO | watchfiles.main | 1 change detected
2026-09-24 21:50:23,347 | INFO | watchfiles.main | 1 change detected
2026-09-24 21:50:23,753 | INFO | watchfiles.main | 1 change detected
2026-09-24 21:50:24,181 | INFO | watchfiles.main | 1 change detected
2026-09-24 21:50:24,592 | INFO | watchfiles.main | 1 change detected
2026-09-24 21:50:25,048 | INFO | watchfiles.main | 1 change detected
2026-09-24 21:50:25,462 | INFO | watchfiles.main | 1 change detected
2026-09-24 21:50:25,867 | INFO | watchfiles.main | 1 change detected
2026-09-24 21:50:26,270 | INFO | watchfiles.main | 1 change detected
2026-09-24 21:50:26,636 | INFO | watchfiles.main | 1 change detected
2026-09-24 21:50:27,098 | INFO | watchfiles.main | 1 change detected
2026-09-24 21:50:27,500 | INFO | watchfiles.main | 1 change detected
2026-09-24 21:50:27,852 | INFO | watchfiles.main | 1 change detected
2026-09-24 21:50:28,212 | INFO | watchfiles.main | 1 change detected
2026-09-24 21:50:28,573 | INFO | watchfiles.main | 1 change detected
2026-09-24 21:50:28,935 | INFO | watchfiles.main | 1 change detected
2026-09-24 21:50:29,348 | INFO | watchfiles.main | 1 change detected
2026-09-24 21:50:29,750 | INFO | watchfiles.main | 1 change detected
2026-09-24 21:50:30,157 | INFO | watchfiles.main | 1 change detected
2026-09-24 21:50:30,560 | INFO | watchfiles.main | 1 change detected
2026-09-24 21:50:30,967 | INFO | watchfiles.main | 1 change detected
2026-09-24 21:50:31,324 | INFO | watchfiles.main | 1 change detected
2026-09-24 21:50:31,733 | INFO | watchfiles.main | 1 change detected
2026-09-24 21:50:32,134 | INFO | watchfiles.main | 1 change detected
2026-09-24 21:50:32,541 | INFO | watchfiles.main | 1 change detected
2026-09-24 21:50:32,949 | INFO | watchfiles.main | 1 change detected
2026-09-24 21:50:33,354 | INFO | watchfiles.main | 1 change detected
2026-09-24 21:50:33,709 | INFO | watchfiles.main | 1 change detected
2026-09-24 21:50:34,117 | INFO | watchfiles.main | 1 change detected
2026-09-24 21:50:34,520 | INFO | watchfiles.main | 1 change detected
2026-09-24 21:50:34,924 | INFO | watchfiles.main | 1 change detected
2026-09-24 21:50:35,326 | INFO | watchfiles.main | 1 change detected
2026-09-24 21:50:35,730 | INFO | watchfiles.main | 1 change detected
2026-09-24 21:50:36,185 | INFO | watchfiles.main | 1 change detected
2026-09-24 21:50:36,542 | INFO | watchfiles.main | 1 change detected
2026-09-24 21:50:36,952 | INFO | watchfiles.main | 1 change detected
2026-09-24 21:50:37,355 | INFO | watchfiles.main | 1 change detected
2026-09-24 21:50:37,761 | INFO | watchfiles.main | 1 change detected
2026-09-24 21:50:38,164 | INFO | watchfiles.main | 1 change detected
2026-09-24 21:50:38,568 | INFO | watchfiles.main | 1 change detected
2026-09-24 21:50:38,973 | INFO | watchfiles.main | 1 change detected
2026-09-24 21:50:39,379 | INFO | watchfiles.main | 1 change detected
2026-09-24 21:50:39,781 | INFO | watchfiles.main | 1 change detected
2026-09-24 21:50:40,184 | INFO | watchfiles.main | 1 change detected
2026-09-24 21:50:40,589 | INFO | watchfiles.main | 1 change detected
2026-09-24 21:50:40,956 | INFO | watchfiles.main | 1 change detected
2026-09-24 21:50:41,361 | INFO | watchfiles.main | 1 change detected
2026-09-24 21:50:41,778 | INFO | watchfiles.main | 1 change detected
2026-09-24 21:50:42,183 | INFO | watchfiles.main | 1 change detected
2026-09-24 21:50:42,585 | INFO | watchfiles.main | 1 change detected
2026-09-24 21:50:42,990 | INFO | watchfiles.main | 1 change detected
2026-09-24 21:50:43,393 | INFO | watchfiles.main | 1 change detected
2026-09-24 21:50:43,798 | INFO | watchfiles.main | 1 change detected
2026-09-24 21:50:44,205 | INFO | watchfiles.main | 1 change detected
2026-09-24 21:50:44,569 | INFO | watchfiles.main | 1 change detected
2026-09-24 21:50:44,974 | INFO | watchfiles.main | 1 change detected
2026-09-24 21:50:45,378 | INFO | watchfiles.main | 1 change detected
2026-09-24 21:50:45,792 | INFO | watchfiles.main | 1 change detected
2026-09-24 21:50:46,198 | INFO | watchfiles.main | 1 change detected
2026-09-24 21:50:46,603 | INFO | watchfiles.main | 1 change detected
2026-09-24 21:50:47,005 | INFO | watchfiles.main | 1 change detected
2026-09-24 21:50:47,421 | INFO | watchfiles.main | 1 change detected
2026-09-24 21:50:47,826 | INFO | watchfiles.main | 1 change detected
2026-09-24 21:50:48,237 | INFO | watchfiles.main | 1 change detected
2026-09-24 21:50:48,639 | INFO | watchfiles.main | 1 change detected
2026-09-24 21:50:49,043 | INFO | watchfiles.main | 1 change detected
2026-09-24 21:50:49,446 | INFO | watchfiles.main | 1 change detected
2026-09-24 21:50:49,849 | INFO | watchfiles.main | 1 change detected
2026-09-24 21:50:50,251 | INFO | watchfiles.main | 1 change detected
2026-09-24 21:50:50,654 | INFO | watchfiles.main | 1 change detected
2026-09-24 21:50:51,060 | INFO | watchfiles.main | 1 change detected
2026-09-24 21:50:51,474 | INFO | watchfiles.main | 1 change detected
2026-09-24 21:50:51,829 | INFO | watchfiles.main | 1 change detected
2026-09-24 21:50:52,237 | INFO | watchfiles.main | 1 change detected
2026-09-24 21:50:52,641 | INFO | watchfiles.main | 1 change detected
2026-09-24 21:50:53,046 | INFO | watchfiles.main | 1 change detected
2026-09-24 21:50:53,452 | INFO | watchfiles.main | 1 change detected
2026-09-24 21:50:53,859 | INFO | watchfiles.main | 1 change detected
2026-09-24 21:50:54,264 | INFO | watchfiles.main | 1 change detected
2026-09-24 21:50:54,666 | INFO | watchfiles.main | 1 change detected
2026-09-24 21:50:55,069 | INFO | watchfiles.main | 1 change detected
2026-09-24 21:50:55,475 | INFO | watchfiles.main | 1 change detected
2026-09-24 21:50:55,877 | INFO | watchfiles.main | 1 change detected
2026-09-24 21:50:56,292 | INFO | watchfiles.main | 1 change detected
2026-09-24 21:50:56,698 | INFO | watchfiles.main | 1 change detected
2026-09-24 21:50:57,103 | INFO | watchfiles.main | 1 change detected
2026-09-24 21:50:57,506 | INFO | watchfiles.main | 1 change detected
2026-09-24 21:50:57,913 | INFO | watchfiles.main | 1 change detected
2026-09-24 21:50:58,317 | INFO | watchfiles.main | 1 change detected
2026-09-24 21:50:58,722 | INFO | watchfiles.main | 1 change detected
2026-09-24 21:50:59,124 | INFO | watchfiles.main | 1 change detected
2026-09-24 21:50:59,527 | INFO | watchfiles.main | 1 change detected
2026-09-24 21:50:59,930 | INFO | watchfiles.main | 1 change detected
2026-09-24 21:51:00,333 | INFO | watchfiles.main | 1 change detected
2026-09-24 21:51:00,737 | INFO | watchfiles.main | 1 change detected
2026-09-24 21:51:01,139 | INFO | watchfiles.main | 1 change detected
2026-09-24 21:51:01,542 | INFO | watchfiles.main | 1 change detected
2026-09-24 21:51:01,947 | INFO | watchfiles.main | 1 change detected
2026-09-24 21:51:02,353 | INFO | watchfiles.main | 1 change detected
2026-09-24 21:51:02,759 | INFO | watchfiles.main | 1 change detected
2026-09-24 21:51:03,162 | INFO | watchfiles.main | 1 change detected
2026-09-24 21:51:03,566 | INFO | watchfiles.main | 1 change detected
2026-09-24 21:51:03,968 | INFO | watchfiles.main | 1 change detected
2026-09-24 21:51:04,334 | INFO | watchfiles.main | 1 change detected
2026-09-24 21:51:04,744 | INFO | watchfiles.main | 1 change detected
2026-09-24 21:51:05,152 | INFO | watchfiles.main | 1 change detected
2026-09-24 21:51:05,553 | INFO | watchfiles.main | 1 change detected
2026-09-24 21:51:05,960 | INFO | watchfiles.main | 1 change detected
2026-09-24 21:51:06,364 | INFO | watchfiles.main | 1 change detected
2026-09-24 21:51:06,769 | INFO | watchfiles.main | 1 change detected
2026-09-24 21:51:07,178 | INFO | watchfiles.main | 1 change detected
2026-09-24 21:51:07,593 | INFO | watchfiles.main | 1 change detected
2026-09-24 21:51:07,996 | INFO | watchfiles.main | 1 change detected
2026-09-24 21:51:08,399 | INFO | watchfiles.main | 1 change detected
2026-09-24 21:51:08,804 | INFO | watchfiles.main | 1 change detected
2026-09-24 21:51:09,217 | INFO | watchfiles.main | 1 change detected
2026-09-24 21:51:09,575 | INFO | watchfiles.main | 1 change detected
2026-09-24 21:51:10,033 | INFO | watchfiles.main | 1 change detected
2026-09-24 21:51:10,398 | INFO | watchfiles.main | 1 change detected
2026-09-24 21:51:10,804 | INFO | watchfiles.main | 1 change detected
2026-09-24 21:51:11,215 | INFO | watchfiles.main | 1 change detected
2026-09-24 21:51:11,617 | INFO | watchfiles.main | 1 change detected
2026-09-24 21:51:12,020 | INFO | watchfiles.main | 1 change detected
2026-09-24 21:51:12,433 | INFO | watchfiles.main | 1 change detected
2026-09-24 21:51:12,841 | INFO | watchfiles.main | 1 change detected
2026-09-24 21:51:13,248 | INFO | watchfiles.main | 1 change detected
2026-09-24 21:51:13,653 | INFO | watchfiles.main | 1 change detected
2026-09-24 21:51:14,018 | INFO | watchfiles.main | 1 change detected
2026-09-24 21:51:14,422 | INFO | watchfiles.main | 1 change detected
2026-09-24 21:51:14,826 | INFO | watchfiles.main | 1 change detected
2026-09-24 21:51:15,234 | INFO | watchfiles.main | 1 change detected
2026-09-24 21:51:15,638 | INFO | watchfiles.main | 1 change detected
2026-09-24 21:51:16,043 | INFO | watchfiles.main | 1 change detected
2026-09-24 21:51:16,449 | INFO | watchfiles.main | 1 change detected
2026-09-24 21:51:16,852 | INFO | watchfiles.main | 1 change detected
2026-09-24 21:51:17,268 | INFO | watchfiles.main | 1 change detected
2026-09-24 21:51:17,675 | INFO | watchfiles.main | 1 change detected
2026-09-24 21:51:18,092 | INFO | watchfiles.main | 1 change detected
2026-09-24 21:51:18,496 | INFO | watchfiles.main | 1 change detected
2026-09-24 21:51:18,900 | INFO | watchfiles.main | 1 change detected
2026-09-24 21:51:19,307 | INFO | watchfiles.main | 1 change detected
2026-09-24 21:51:19,711 | INFO | watchfiles.main | 1 change detected
2026-09-24 21:51:20,116 | INFO | watchfiles.main | 1 change detected
2026-09-24 21:51:20,520 | INFO | watchfiles.main | 1 change detected
2026-09-24 21:51:20,921 | INFO | watchfiles.main | 1 change detected
2026-09-24 21:51:21,327 | INFO | watchfiles.main | 1 change detected
2026-09-24 21:51:21,731 | INFO | watchfiles.main | 1 change detected
2026-09-24 21:51:22,135 | INFO | watchfiles.main | 1 change detected
2026-09-24 21:51:22,551 | INFO | watchfiles.main | 1 change detected
2026-09-24 21:51:22,907 | INFO | watchfiles.main | 1 change detected
2026-09-24 21:51:23,314 | INFO | watchfiles.main | 1 change detected
2026-09-24 21:51:23,719 | INFO | watchfiles.main | 1 change detected
2026-09-24 21:51:24,121 | INFO | watchfiles.main | 1 change detected
2026-09-24 21:51:24,527 | INFO | watchfiles.main | 1 change detected
2026-09-24 21:51:24,930 | INFO | watchfiles.main | 1 change detected
2026-09-24 21:51:25,334 | INFO | watchfiles.main | 1 change detected
2026-09-24 21:51:25,739 | INFO | watchfiles.main | 1 change detected
2026-09-24 21:51:26,144 | INFO | watchfiles.main | 1 change detected
2026-09-24 21:51:26,551 | INFO | watchfiles.main | 1 change detected
2026-09-24 21:51:26,954 | INFO | watchfiles.main | 1 change detected
2026-09-24 21:51:27,361 | INFO | watchfiles.main | 1 change detected
2026-09-24 21:51:27,765 | INFO | watchfiles.main | 1 change detected
2026-09-24 21:51:28,170 | INFO | watchfiles.main | 1 change detected
2026-09-24 21:51:28,574 | INFO | watchfiles.main | 1 change detected
2026-09-24 21:51:28,977 | INFO | watchfiles.main | 1 change detected
2026-09-24 21:51:29,392 | INFO | watchfiles.main | 1 change detected
2026-09-24 21:51:29,795 | INFO | watchfiles.main | 1 change detected
2026-09-24 21:51:30,200 | INFO | watchfiles.main | 1 change detected
2026-09-24 21:51:30,608 | INFO | watchfiles.main | 1 change detected
2026-09-24 21:51:31,013 | INFO | watchfiles.main | 1 change detected
2026-09-24 21:51:31,416 | INFO | watchfiles.main | 1 change detected
2026-09-24 21:51:31,822 | INFO | watchfiles.main | 1 change detected
2026-09-24 21:51:32,226 | INFO | watchfiles.main | 1 change detected
2026-09-24 21:51:32,590 | INFO | watchfiles.main | 1 change detected
2026-09-24 21:51:32,995 | INFO | watchfiles.main | 1 change detected
2026-09-24 21:51:33,404 | INFO | watchfiles.main | 1 change detected
2026-09-24 21:51:33,821 | INFO | watchfiles.main | 1 change detected
2026-09-24 21:51:34,226 | INFO | watchfiles.main | 1 change detected
2026-09-24 21:51:34,627 | INFO | watchfiles.main | 1 change detected
2026-09-24 21:51:35,035 | INFO | watchfiles.main | 1 change detected
2026-09-24 21:51:35,438 | INFO | watchfiles.main | 1 change detected
2026-09-24 21:51:35,843 | INFO | watchfiles.main | 1 change detected
2026-09-24 21:51:36,248 | INFO | watchfiles.main | 1 change detected
2026-09-24 21:51:36,652 | INFO | watchfiles.main | 1 change detected
2026-09-24 21:51:37,066 | INFO | watchfiles.main | 1 change detected
2026-09-24 21:51:37,470 | INFO | watchfiles.main | 1 change detected
2026-09-24 21:51:37,877 | INFO | watchfiles.main | 1 change detected
2026-09-24 21:51:38,244 | INFO | watchfiles.main | 1 change detected
2026-09-24 21:51:38,649 | INFO | watchfiles.main | 1 change detected
2026-09-24 21:51:39,057 | INFO | watchfiles.main | 1 change detected
2026-09-24 21:51:39,463 | INFO | watchfiles.main | 1 change detected
2026-09-24 21:51:39,868 | INFO | watchfiles.main | 1 change detected
2026-09-24 21:51:40,284 | INFO | watchfiles.main | 1 change detected
2026-09-24 21:51:40,643 | INFO | watchfiles.main | 1 change detected
2026-09-24 21:51:41,051 | INFO | watchfiles.main | 1 change detected
2026-09-24 21:51:41,454 | INFO | watchfiles.main | 1 change detected
2026-09-24 21:51:41,864 | INFO | watchfiles.main | 1 change detected
2026-09-24 21:51:42,267 | INFO | watchfiles.main | 1 change detected
2026-09-24 21:51:42,669 | INFO | watchfiles.main | 1 change detected
2026-09-24 21:51:43,074 | INFO | watchfiles.main | 1 change detected
2026-09-24 21:51:43,477 | INFO | watchfiles.main | 1 change detected
2026-09-24 21:51:43,892 | INFO | watchfiles.main | 1 change detected
2026-09-24 21:51:44,297 | INFO | watchfiles.main | 1 change detected
2026-09-24 21:51:44,702 | INFO | watchfiles.main | 1 change detected
2026-09-24 21:51:45,108 | INFO | watchfiles.main | 1 change detected
2026-09-24 21:51:45,514 | INFO | watchfiles.main | 1 change detected
2026-09-24 21:51:45,880 | INFO | watchfiles.main | 1 change detected
2026-09-24 21:51:46,289 | INFO | watchfiles.main | 1 change detected
2026-09-24 21:51:46,691 | INFO | watchfiles.main | 1 change detected
2026-09-24 21:51:47,095 | INFO | watchfiles.main | 1 change detected
2026-09-24 21:51:47,499 | INFO | watchfiles.main | 1 change detected
2026-09-24 21:51:47,915 | INFO | watchfiles.main | 1 change detected
2026-09-24 21:51:48,319 | INFO | watchfiles.main | 1 change detected
2026-09-24 21:51:48,735 | INFO | watchfiles.main | 1 change detected
2026-09-24 21:51:49,150 | INFO | watchfiles.main | 1 change detected
2026-09-24 21:51:49,503 | INFO | watchfiles.main | 1 change detected
2026-09-24 21:51:49,914 | INFO | watchfiles.main | 1 change detected
2026-09-24 21:51:50,321 | INFO | watchfiles.main | 1 change detected
2026-09-24 21:51:50,725 | INFO | watchfiles.main | 1 change detected
2026-09-24 21:51:51,130 | INFO | watchfiles.main | 1 change detected
2026-09-24 21:51:51,538 | INFO | watchfiles.main | 1 change detected
2026-09-24 21:51:51,940 | INFO | watchfiles.main | 1 change detected
2026-09-24 21:51:52,342 | INFO | watchfiles.main | 1 change detected
2026-09-24 21:51:52,745 | INFO | watchfiles.main | 1 change detected
2026-09-24 21:51:53,150 | INFO | watchfiles.main | 1 change detected
2026-09-24 21:51:53,556 | INFO | watchfiles.main | 1 change detected
2026-09-24 21:51:53,965 | INFO | watchfiles.main | 1 change detected
2026-09-24 21:51:54,371 | INFO | watchfiles.main | 1 change detected
2026-09-24 21:51:54,785 | INFO | watchfiles.main | 1 change detected
2026-09-24 21:51:55,188 | INFO | watchfiles.main | 1 change detected
2026-09-24 21:51:55,594 | INFO | watchfiles.main | 1 change detected
2026-09-24 21:51:56,002 | INFO | watchfiles.main | 1 change detected
2026-09-24 21:51:56,407 | INFO | watchfiles.main | 1 change detected
2026-09-24 21:51:56,815 | INFO | watchfiles.main | 1 change detected
2026-09-24 21:51:57,232 | INFO | watchfiles.main | 1 change detected
2026-09-24 21:51:57,636 | INFO | watchfiles.main | 1 change detected
2026-09-24 21:51:58,042 | INFO | watchfiles.main | 1 change detected
2026-09-24 21:51:58,449 | INFO | watchfiles.main | 1 change detected
2026-09-24 21:51:58,815 | INFO | watchfiles.main | 1 change detected
2026-09-24 21:51:59,224 | INFO | watchfiles.main | 1 change detected
2026-09-24 21:51:59,629 | INFO | watchfiles.main | 1 change detected
2026-09-24 21:52:00,033 | INFO | watchfiles.main | 1 change detected
2026-09-24 21:52:00,439 | INFO | watchfiles.main | 1 change detected
2026-09-24 21:52:00,845 | INFO | watchfiles.main | 1 change detected
2026-09-24 21:52:01,248 | INFO | watchfiles.main | 1 change detected
2026-09-24 21:52:01,654 | INFO | watchfiles.main | 1 change detected
2026-09-24 21:52:02,059 | INFO | watchfiles.main | 1 change detected
2026-09-24 21:52:02,461 | INFO | watchfiles.main | 1 change detected
2026-09-24 21:52:02,870 | INFO | watchfiles.main | 1 change detected
2026-09-24 21:52:03,286 | INFO | watchfiles.main | 1 change detected
2026-09-24 21:52:03,689 | INFO | watchfiles.main | 1 change detected
2026-09-24 21:52:04,094 | INFO | watchfiles.main | 1 change detected
2026-09-24 21:52:04,500 | INFO | watchfiles.main | 1 change detected
2026-09-24 21:52:04,903 | INFO | watchfiles.main | 1 change detected
2026-09-24 21:52:05,309 | INFO | watchfiles.main | 1 change detected
2026-09-24 21:52:05,712 | INFO | watchfiles.main | 1 change detected
2026-09-24 21:52:06,077 | INFO | watchfiles.main | 1 change detected
2026-09-24 21:52:06,489 | INFO | watchfiles.main | 1 change detected
2026-09-24 21:52:06,905 | INFO | watchfiles.main | 1 change detected
2026-09-24 21:52:07,311 | INFO | watchfiles.main | 1 change detected
2026-09-24 21:52:07,716 | INFO | watchfiles.main | 1 change detected
2026-09-24 21:52:08,119 | INFO | watchfiles.main | 1 change detected
2026-09-24 21:52:08,524 | INFO | watchfiles.main | 1 change detected
2026-09-24 21:52:08,880 | INFO | watchfiles.main | 1 change detected
2026-09-24 21:52:09,290 | INFO | watchfiles.main | 1 change detected
2026-09-24 21:52:09,695 | INFO | watchfiles.main | 1 change detected
2026-09-24 21:52:10,098 | INFO | watchfiles.main | 1 change detected
2026-09-24 21:52:10,503 | INFO | watchfiles.main | 1 change detected
2026-09-24 21:52:10,907 | INFO | watchfiles.main | 1 change detected
2026-09-24 21:52:11,313 | INFO | watchfiles.main | 1 change detected
2026-09-24 21:52:11,718 | INFO | watchfiles.main | 1 change detected
2026-09-24 21:52:12,121 | INFO | watchfiles.main | 1 change detected
2026-09-24 21:52:12,525 | INFO | watchfiles.main | 1 change detected
2026-09-24 21:52:12,929 | INFO | watchfiles.main | 1 change detected
2026-09-24 21:52:13,346 | INFO | watchfiles.main | 1 change detected
2026-09-24 21:52:13,711 | INFO | watchfiles.main | 1 change detected
2026-09-24 21:52:14,119 | INFO | watchfiles.main | 1 change detected
2026-09-24 21:52:14,575 | INFO | watchfiles.main | 1 change detected
2026-09-24 21:52:14,939 | INFO | watchfiles.main | 1 change detected
2026-09-24 21:52:15,350 | INFO | watchfiles.main | 1 change detected
2026-09-24 21:52:15,758 | INFO | watchfiles.main | 1 change detected
2026-09-24 21:52:16,166 | INFO | watchfiles.main | 1 change detected
2026-09-24 21:52:16,570 | INFO | watchfiles.main | 1 change detected
2026-09-24 21:52:16,987 | INFO | watchfiles.main | 1 change detected
2026-09-24 21:52:17,351 | INFO | watchfiles.main | 1 change detected
2026-09-24 21:52:17,756 | INFO | watchfiles.main | 1 change detected
2026-09-24 21:52:18,159 | INFO | watchfiles.main | 1 change detected
2026-09-24 21:52:18,561 | INFO | watchfiles.main | 1 change detected
2026-09-24 21:52:18,976 | INFO | watchfiles.main | 1 change detected
2026-09-24 21:52:19,380 | INFO | watchfiles.main | 1 change detected
2026-09-24 21:52:19,784 | INFO | watchfiles.main | 1 change detected
2026-09-24 21:52:20,189 | INFO | watchfiles.main | 1 change detected
2026-09-24 21:52:20,601 | INFO | watchfiles.main | 1 change detected
2026-09-24 21:52:21,007 | INFO | watchfiles.main | 1 change detected
2026-09-24 21:52:21,410 | INFO | watchfiles.main | 1 change detected
2026-09-24 21:52:21,812 | INFO | watchfiles.main | 1 change detected
2026-09-24 21:52:22,220 | INFO | watchfiles.main | 1 change detected
2026-09-24 21:52:22,636 | INFO | watchfiles.main | 1 change detected
2026-09-24 21:52:23,041 | INFO | watchfiles.main | 1 change detected
2026-09-24 21:52:23,443 | INFO | watchfiles.main | 1 change detected
2026-09-24 21:52:23,849 | INFO | watchfiles.main | 1 change detected
2026-09-24 21:52:24,253 | INFO | watchfiles.main | 1 change detected
2026-09-24 21:52:24,666 | INFO | watchfiles.main | 1 change detected
2026-09-24 21:52:25,073 | INFO | watchfiles.main | 1 change detected
2026-09-24 21:52:25,489 | INFO | watchfiles.main | 1 change detected
2026-09-24 21:52:25,854 | INFO | watchfiles.main | 1 change detected
2026-09-24 21:52:26,258 | INFO | watchfiles.main | 1 change detected
2026-09-24 21:52:26,659 | INFO | watchfiles.main | 1 change detected
2026-09-24 21:52:27,065 | INFO | watchfiles.main | 1 change detected
2026-09-24 21:52:27,482 | INFO | watchfiles.main | 1 change detected
2026-09-24 21:52:27,886 | INFO | watchfiles.main | 1 change detected
2026-09-24 21:52:28,253 | INFO | watchfiles.main | 1 change detected
2026-09-24 21:52:28,660 | INFO | watchfiles.main | 1 change detected
2026-09-24 21:52:29,062 | INFO | watchfiles.main | 1 change detected
2026-09-24 21:52:29,467 | INFO | watchfiles.main | 1 change detected
2026-09-24 21:52:29,885 | INFO | watchfiles.main | 1 change detected
2026-09-24 21:52:30,290 | INFO | watchfiles.main | 1 change detected
2026-09-24 21:52:30,693 | INFO | watchfiles.main | 1 change detected
2026-09-24 21:52:31,097 | INFO | watchfiles.main | 1 change detected
2026-09-24 21:52:31,505 | INFO | watchfiles.main | 1 change detected
2026-09-24 21:52:31,908 | INFO | watchfiles.main | 1 change detected
2026-09-24 21:52:32,264 | INFO | watchfiles.main | 1 change detected
2026-09-24 21:52:32,672 | INFO | watchfiles.main | 1 change detected
2026-09-24 21:52:33,074 | INFO | watchfiles.main | 1 change detected
2026-09-24 21:52:33,480 | INFO | watchfiles.main | 1 change detected
2026-09-24 21:52:33,896 | INFO | watchfiles.main | 1 change detected
2026-09-24 21:52:34,313 | INFO | watchfiles.main | 1 change detected
2026-09-24 21:52:34,719 | INFO | watchfiles.main | 1 change detected
2026-09-24 21:52:35,122 | INFO | watchfiles.main | 1 change detected
2026-09-24 21:52:35,527 | INFO | watchfiles.main | 1 change detected
2026-09-24 21:52:35,932 | INFO | watchfiles.main | 1 change detected
2026-09-24 21:52:36,337 | INFO | watchfiles.main | 1 change detected
2026-09-24 21:52:36,743 | INFO | watchfiles.main | 1 change detected
2026-09-24 21:52:37,152 | INFO | watchfiles.main | 1 change detected
2026-09-24 21:52:37,557 | INFO | watchfiles.main | 1 change detected
2026-09-24 21:52:37,964 | INFO | watchfiles.main | 1 change detected
2026-09-24 21:52:38,372 | INFO | watchfiles.main | 1 change detected
2026-09-24 21:52:38,775 | INFO | watchfiles.main | 1 change detected
2026-09-24 21:52:39,180 | INFO | watchfiles.main | 1 change detected
2026-09-24 21:52:39,585 | INFO | watchfiles.main | 1 change detected
2026-09-24 21:52:39,991 | INFO | watchfiles.main | 1 change detected
2026-09-24 21:52:40,397 | INFO | watchfiles.main | 1 change detected
2026-09-24 21:52:40,803 | INFO | watchfiles.main | 1 change detected
2026-09-24 21:52:41,207 | INFO | watchfiles.main | 1 change detected
2026-09-24 21:52:41,610 | INFO | watchfiles.main | 1 change detected
2026-09-24 21:52:42,016 | INFO | watchfiles.main | 1 change detected
2026-09-24 21:52:42,423 | INFO | watchfiles.main | 1 change detected
2026-09-24 21:52:42,826 | INFO | watchfiles.main | 1 change detected
2026-09-24 21:52:43,241 | INFO | watchfiles.main | 1 change detected
2026-09-24 21:52:43,656 | INFO | watchfiles.main | 1 change detected
2026-09-24 21:52:44,061 | INFO | watchfiles.main | 1 change detected
2026-09-24 21:52:44,478 | INFO | watchfiles.main | 1 change detected
2026-09-24 21:52:44,843 | INFO | watchfiles.main | 1 change detected
2026-09-24 21:52:45,254 | INFO | watchfiles.main | 1 change detected
2026-09-24 21:52:45,671 | INFO | watchfiles.main | 1 change detected
2026-09-24 21:52:46,074 | INFO | watchfiles.main | 1 change detected
2026-09-24 21:52:46,488 | INFO | watchfiles.main | 1 change detected
2026-09-24 21:52:46,893 | INFO | watchfiles.main | 1 change detected
2026-09-24 21:52:47,295 | INFO | watchfiles.main | 1 change detected
2026-09-24 21:52:47,701 | INFO | watchfiles.main | 1 change detected
2026-09-24 21:52:48,067 | INFO | watchfiles.main | 1 change detected
2026-09-24 21:52:48,475 | INFO | watchfiles.main | 1 change detected
2026-09-24 21:52:48,889 | INFO | watchfiles.main | 1 change detected
2026-09-24 21:52:49,305 | INFO | watchfiles.main | 1 change detected
2026-09-24 21:52:49,708 | INFO | watchfiles.main | 1 change detected
2026-09-24 21:52:50,115 | INFO | watchfiles.main | 1 change detected
2026-09-24 21:52:50,517 | INFO | watchfiles.main | 1 change detected
2026-09-24 21:52:50,925 | INFO | watchfiles.main | 1 change detected
2026-09-24 21:52:51,329 | INFO | watchfiles.main | 1 change detected
2026-09-24 21:52:51,743 | INFO | watchfiles.main | 1 change detected
2026-09-24 21:52:52,148 | INFO | watchfiles.main | 1 change detected
2026-09-24 21:52:52,511 | INFO | watchfiles.main | 1 change detected
2026-09-24 21:52:52,913 | INFO | watchfiles.main | 1 change detected
2026-09-24 21:52:53,320 | INFO | watchfiles.main | 1 change detected
2026-09-24 21:52:53,723 | INFO | watchfiles.main | 1 change detected
2026-09-24 21:52:54,128 | INFO | watchfiles.main | 1 change detected
2026-09-24 21:52:54,530 | INFO | watchfiles.main | 1 change detected
2026-09-24 21:52:54,938 | INFO | watchfiles.main | 1 change detected
2026-09-24 21:52:55,341 | INFO | watchfiles.main | 1 change detected
2026-09-24 21:52:55,757 | INFO | watchfiles.main | 1 change detected
2026-09-24 21:52:56,162 | INFO | watchfiles.main | 1 change detected
2026-09-24 21:52:56,567 | INFO | watchfiles.main | 1 change detected
2026-09-24 21:52:56,971 | INFO | watchfiles.main | 1 change detected
2026-09-24 21:52:57,329 | INFO | watchfiles.main | 1 change detected
2026-09-24 21:52:57,736 | INFO | watchfiles.main | 1 change detected
2026-09-24 21:52:58,139 | INFO | watchfiles.main | 1 change detected
2026-09-24 21:52:58,543 | INFO | watchfiles.main | 1 change detected
2026-09-24 21:52:58,951 | INFO | watchfiles.main | 1 change detected
2026-09-24 21:52:59,355 | INFO | watchfiles.main | 1 change detected
2026-09-24 21:52:59,763 | INFO | watchfiles.main | 1 change detected
2026-09-24 21:53:00,168 | INFO | watchfiles.main | 1 change detected
2026-09-24 21:53:00,573 | INFO | watchfiles.main | 1 change detected
2026-09-24 21:53:00,978 | INFO | watchfiles.main | 1 change detected
2026-09-24 21:53:01,384 | INFO | watchfiles.main | 1 change detected
2026-09-24 21:53:01,787 | INFO | watchfiles.main | 1 change detected
2026-09-24 21:53:02,201 | INFO | watchfiles.main | 1 change detected
2026-09-24 21:53:02,603 | INFO | watchfiles.main | 1 change detected
2026-09-24 21:53:02,957 | INFO | watchfiles.main | 1 change detected
2026-09-24 21:53:03,365 | INFO | watchfiles.main | 1 change detected
2026-09-24 21:53:03,779 | INFO | watchfiles.main | 1 change detected
2026-09-24 21:53:04,187 | INFO | watchfiles.main | 1 change detected
2026-09-24 21:53:04,593 | INFO | watchfiles.main | 1 change detected
2026-09-24 21:53:04,997 | INFO | watchfiles.main | 1 change detected
2026-09-24 21:53:05,412 | INFO | watchfiles.main | 1 change detected
2026-09-24 21:53:05,778 | INFO | watchfiles.main | 1 change detected
2026-09-24 21:53:06,188 | INFO | watchfiles.main | 1 change detected
2026-09-24 21:53:06,593 | INFO | watchfiles.main | 1 change detected
2026-09-24 21:53:07,011 | INFO | watchfiles.main | 1 change detected
2026-09-24 21:53:07,416 | INFO | watchfiles.main | 1 change detected
2026-09-24 21:53:07,820 | INFO | watchfiles.main | 1 change detected
2026-09-24 21:53:08,223 | INFO | watchfiles.main | 1 change detected
2026-09-24 21:53:08,678 | INFO | watchfiles.main | 1 change detected
2026-09-24 21:53:09,089 | INFO | watchfiles.main | 1 change detected
2026-09-24 21:53:09,495 | INFO | watchfiles.main | 1 change detected
2026-09-24 21:53:09,861 | INFO | watchfiles.main | 1 change detected
2026-09-24 21:53:10,268 | INFO | watchfiles.main | 1 change detected
2026-09-24 21:53:10,672 | INFO | watchfiles.main | 1 change detected
2026-09-24 21:53:11,076 | INFO | watchfiles.main | 1 change detected
2026-09-24 21:53:11,485 | INFO | watchfiles.main | 1 change detected
2026-09-24 21:53:11,887 | INFO | watchfiles.main | 1 change detected
2026-09-24 21:53:12,290 | INFO | watchfiles.main | 1 change detected
2026-09-24 21:53:12,704 | INFO | watchfiles.main | 1 change detected
2026-09-24 21:53:13,106 | INFO | watchfiles.main | 1 change detected
2026-09-24 21:53:13,562 | INFO | watchfiles.main | 1 change detected
2026-09-24 21:53:13,927 | INFO | watchfiles.main | 1 change detected
2026-09-24 21:53:14,434 | INFO | watchfiles.main | 1 change detected
2026-09-24 21:53:14,844 | INFO | watchfiles.main | 1 change detected
2026-09-24 21:53:15,249 | INFO | watchfiles.main | 1 change detected
2026-09-24 21:53:15,656 | INFO | watchfiles.main | 1 change detected
2026-09-24 21:53:16,060 | INFO | watchfiles.main | 1 change detected
2026-09-24 21:53:16,477 | INFO | watchfiles.main | 1 change detected
2026-09-24 21:53:16,843 | INFO | watchfiles.main | 1 change detected
2026-09-24 21:53:17,252 | INFO | watchfiles.main | 1 change detected
2026-09-24 21:53:17,668 | INFO | watchfiles.main | 1 change detected
2026-09-24 21:53:18,073 | INFO | watchfiles.main | 1 change detected
2026-09-24 21:53:18,475 | INFO | watchfiles.main | 1 change detected
2026-09-24 21:53:18,891 | INFO | watchfiles.main | 1 change detected
2026-09-24 21:53:19,257 | INFO | watchfiles.main | 1 change detected
2026-09-24 21:53:19,668 | INFO | watchfiles.main | 1 change detected
2026-09-24 21:53:20,074 | INFO | watchfiles.main | 1 change detected
2026-09-24 21:53:20,478 | INFO | watchfiles.main | 1 change detected
2026-09-24 21:53:20,895 | INFO | watchfiles.main | 1 change detected
2026-09-24 21:53:21,299 | INFO | watchfiles.main | 1 change detected
2026-09-24 21:53:21,701 | INFO | watchfiles.main | 1 change detected
2026-09-24 21:53:22,108 | INFO | watchfiles.main | 1 change detected
2026-09-24 21:53:22,511 | INFO | watchfiles.main | 1 change detected
2026-09-24 21:53:22,928 | INFO | watchfiles.main | 1 change detected
2026-09-24 21:53:23,330 | INFO | watchfiles.main | 1 change detected
2026-09-24 21:53:23,695 | INFO | watchfiles.main | 1 change detected
2026-09-24 21:53:24,100 | INFO | watchfiles.main | 1 change detected
2026-09-24 21:53:24,502 | INFO | watchfiles.main | 1 change detected
2026-09-24 21:53:24,907 | INFO | watchfiles.main | 1 change detected
2026-09-24 21:53:25,324 | INFO | watchfiles.main | 1 change detected
2026-09-24 21:53:25,728 | INFO | watchfiles.main | 1 change detected
2026-09-24 21:53:26,144 | INFO | watchfiles.main | 1 change detected
2026-09-24 21:53:26,509 | INFO | watchfiles.main | 1 change detected
2026-09-24 21:53:26,918 | INFO | watchfiles.main | 1 change detected
2026-09-24 21:53:27,320 | INFO | watchfiles.main | 1 change detected
2026-09-24 21:53:27,723 | INFO | watchfiles.main | 1 change detected
2026-09-24 21:53:28,128 | INFO | watchfiles.main | 1 change detected
2026-09-24 21:53:28,531 | INFO | watchfiles.main | 1 change detected
2026-09-24 21:53:28,934 | INFO | watchfiles.main | 1 change detected
2026-09-24 21:53:29,339 | INFO | watchfiles.main | 1 change detected
2026-09-24 21:53:29,742 | INFO | watchfiles.main | 1 change detected
2026-09-24 21:53:30,149 | INFO | watchfiles.main | 1 change detected
2026-09-24 21:53:30,554 | INFO | watchfiles.main | 1 change detected
2026-09-24 21:53:30,959 | INFO | watchfiles.main | 1 change detected
2026-09-24 21:53:31,376 | INFO | watchfiles.main | 1 change detected
2026-09-24 21:53:31,782 | INFO | watchfiles.main | 1 change detected
2026-09-24 21:53:32,188 | INFO | watchfiles.main | 1 change detected
2026-09-24 21:53:32,593 | INFO | watchfiles.main | 1 change detected
2026-09-24 21:53:32,998 | INFO | watchfiles.main | 1 change detected
2026-09-24 21:53:33,402 | INFO | watchfiles.main | 1 change detected
2026-09-24 21:53:33,803 | INFO | watchfiles.main | 1 change detected
2026-09-24 21:53:34,209 | INFO | watchfiles.main | 1 change detected
2026-09-24 21:53:34,612 | INFO | watchfiles.main | 1 change detected
2026-09-24 21:53:35,020 | INFO | watchfiles.main | 1 change detected
2026-09-24 21:53:35,426 | INFO | watchfiles.main | 1 change detected
2026-09-24 21:53:35,830 | INFO | watchfiles.main | 1 change detected
2026-09-24 21:53:36,235 | INFO | watchfiles.main | 1 change detected
2026-09-24 21:53:36,638 | INFO | watchfiles.main | 1 change detected
2026-09-24 21:53:37,003 | INFO | watchfiles.main | 1 change detected
2026-09-24 21:53:37,410 | INFO | watchfiles.main | 1 change detected
2026-09-24 21:53:37,814 | INFO | watchfiles.main | 1 change detected
2026-09-24 21:53:38,219 | INFO | watchfiles.main | 1 change detected
2026-09-24 21:53:38,621 | INFO | watchfiles.main | 1 change detected
2026-09-24 21:53:39,024 | INFO | watchfiles.main | 1 change detected
2026-09-24 21:53:39,441 | INFO | watchfiles.main | 1 change detected
2026-09-24 21:53:39,845 | INFO | watchfiles.main | 1 change detected
2026-09-24 21:53:40,262 | INFO | watchfiles.main | 1 change detected
2026-09-24 21:53:40,624 | INFO | watchfiles.main | 1 change detected
2026-09-24 21:53:41,029 | INFO | watchfiles.main | 1 change detected
2026-09-24 21:53:41,445 | INFO | watchfiles.main | 1 change detected
2026-09-24 21:53:41,863 | INFO | watchfiles.main | 1 change detected
2026-09-24 21:53:42,270 | INFO | watchfiles.main | 1 change detected
2026-09-24 21:53:42,675 | INFO | watchfiles.main | 1 change detected
2026-09-24 21:53:43,079 | INFO | watchfiles.main | 1 change detected
2026-09-24 21:53:43,445 | INFO | watchfiles.main | 1 change detected
2026-09-24 21:53:43,856 | INFO | watchfiles.main | 1 change detected
2026-09-24 21:53:44,273 | INFO | watchfiles.main | 1 change detected
2026-09-24 21:53:44,674 | INFO | watchfiles.main | 1 change detected
2026-09-24 21:53:45,079 | INFO | watchfiles.main | 1 change detected
2026-09-24 21:53:45,483 | INFO | watchfiles.main | 1 change detected
2026-09-24 21:53:45,889 | INFO | watchfiles.main | 1 change detected
2026-09-24 21:53:46,296 | INFO | watchfiles.main | 1 change detected
2026-09-24 21:53:46,700 | INFO | watchfiles.main | 1 change detected
2026-09-24 21:53:47,103 | INFO | watchfiles.main | 1 change detected
2026-09-24 21:53:47,508 | INFO | watchfiles.main | 1 change detected
2026-09-24 21:53:47,909 | INFO | watchfiles.main | 1 change detected
2026-09-24 21:53:48,313 | INFO | watchfiles.main | 1 change detected
2026-09-24 21:53:48,716 | INFO | watchfiles.main | 1 change detected
2026-09-24 21:53:49,133 | INFO | watchfiles.main | 1 change detected
2026-09-24 21:53:49,536 | INFO | watchfiles.main | 1 change detected
2026-09-24 21:53:49,943 | INFO | watchfiles.main | 1 change detected
2026-09-24 21:53:50,348 | INFO | watchfiles.main | 1 change detected
2026-09-24 21:53:50,714 | INFO | watchfiles.main | 1 change detected
2026-09-24 21:53:51,122 | INFO | watchfiles.main | 1 change detected
2026-09-24 21:53:51,529 | INFO | watchfiles.main | 1 change detected
2026-09-24 21:53:51,935 | INFO | watchfiles.main | 1 change detected
2026-09-24 21:53:52,337 | INFO | watchfiles.main | 1 change detected
2026-09-24 21:53:52,740 | INFO | watchfiles.main | 1 change detected
2026-09-24 21:53:53,142 | INFO | watchfiles.main | 1 change detected
2026-09-24 21:53:53,546 | INFO | watchfiles.main | 1 change detected
2026-09-24 21:53:53,963 | INFO | watchfiles.main | 1 change detected
2026-09-24 21:53:54,377 | INFO | watchfiles.main | 1 change detected
2026-09-24 21:53:54,779 | INFO | watchfiles.main | 1 change detected
2026-09-24 21:53:55,182 | INFO | watchfiles.main | 1 change detected
2026-09-24 21:53:55,584 | INFO | watchfiles.main | 1 change detected
2026-09-24 21:53:55,950 | INFO | watchfiles.main | 1 change detected
2026-09-24 21:53:56,361 | INFO | watchfiles.main | 1 change detected
2026-09-24 21:53:56,764 | INFO | watchfiles.main | 1 change detected
2026-09-24 21:53:57,167 | INFO | watchfiles.main | 1 change detected
2026-09-24 21:53:57,571 | INFO | watchfiles.main | 1 change detected
2026-09-24 21:53:57,973 | INFO | watchfiles.main | 1 change detected
2026-09-24 21:53:58,379 | INFO | watchfiles.main | 1 change detected
2026-09-24 21:53:58,782 | INFO | watchfiles.main | 1 change detected
2026-09-24 21:53:59,187 | INFO | watchfiles.main | 1 change detected
2026-09-24 21:53:59,593 | INFO | watchfiles.main | 1 change detected
2026-09-24 21:54:00,008 | INFO | watchfiles.main | 1 change detected
2026-09-24 21:54:00,425 | INFO | watchfiles.main | 1 change detected
2026-09-24 21:54:00,792 | INFO | watchfiles.main | 1 change detected
2026-09-24 21:54:01,201 | INFO | watchfiles.main | 1 change detected
2026-09-24 21:54:01,616 | INFO | watchfiles.main | 1 change detected
2026-09-24 21:54:02,021 | INFO | watchfiles.main | 1 change detected
2026-09-24 21:54:02,428 | INFO | watchfiles.main | 1 change detected
2026-09-24 21:54:02,844 | INFO | watchfiles.main | 1 change detected
2026-09-24 21:54:03,210 | INFO | watchfiles.main | 1 change detected
2026-09-24 21:54:03,618 | INFO | watchfiles.main | 1 change detected
2026-09-24 21:54:04,020 | INFO | watchfiles.main | 1 change detected
2026-09-24 21:54:04,424 | INFO | watchfiles.main | 1 change detected
2026-09-24 21:54:04,827 | INFO | watchfiles.main | 1 change detected
2026-09-24 21:54:05,230 | INFO | watchfiles.main | 1 change detected
2026-09-24 21:54:05,647 | INFO | watchfiles.main | 1 change detected
2026-09-24 21:54:06,051 | INFO | watchfiles.main | 1 change detected
2026-09-24 21:54:06,456 | INFO | watchfiles.main | 1 change detected
2026-09-24 21:54:06,859 | INFO | watchfiles.main | 1 change detected
2026-09-24 21:54:07,262 | INFO | watchfiles.main | 1 change detected
2026-09-24 21:54:07,666 | INFO | watchfiles.main | 1 change detected
2026-09-24 21:54:08,070 | INFO | watchfiles.main | 1 change detected
2026-09-24 21:54:08,473 | INFO | watchfiles.main | 1 change detected
2026-09-24 21:54:08,874 | INFO | watchfiles.main | 1 change detected
2026-09-24 21:54:09,278 | INFO | watchfiles.main | 1 change detected
2026-09-24 21:54:09,685 | INFO | watchfiles.main | 1 change detected
2026-09-24 21:54:10,091 | INFO | watchfiles.main | 1 change detected
2026-09-24 21:54:10,453 | INFO | watchfiles.main | 1 change detected
2026-09-24 21:54:10,861 | INFO | watchfiles.main | 1 change detected
2026-09-24 21:54:11,269 | INFO | watchfiles.main | 1 change detected
2026-09-24 21:54:11,671 | INFO | watchfiles.main | 1 change detected
2026-09-24 21:54:12,078 | INFO | watchfiles.main | 1 change detected
2026-09-24 21:54:12,481 | INFO | watchfiles.main | 1 change detected
2026-09-24 21:54:12,896 | INFO | watchfiles.main | 1 change detected
2026-09-24 21:54:13,302 | INFO | watchfiles.main | 1 change detected
2026-09-24 21:54:13,668 | INFO | watchfiles.main | 1 change detected
2026-09-24 21:54:14,076 | INFO | watchfiles.main | 1 change detected
2026-09-24 21:54:14,483 | INFO | watchfiles.main | 1 change detected
2026-09-24 21:54:14,895 | INFO | watchfiles.main | 1 change detected
2026-09-24 21:54:15,301 | INFO | watchfiles.main | 1 change detected
2026-09-24 21:54:15,709 | INFO | watchfiles.main | 1 change detected
2026-09-24 21:54:16,114 | INFO | watchfiles.main | 1 change detected
2026-09-24 21:54:16,521 | INFO | watchfiles.main | 1 change detected
2026-09-24 21:54:16,927 | INFO | watchfiles.main | 1 change detected
2026-09-24 21:54:17,344 | INFO | watchfiles.main | 1 change detected
2026-09-24 21:54:17,748 | INFO | watchfiles.main | 1 change detected
2026-09-24 21:54:18,149 | INFO | watchfiles.main | 1 change detected
2026-09-24 21:54:18,556 | INFO | watchfiles.main | 1 change detected
2026-09-24 21:54:18,959 | INFO | watchfiles.main | 1 change detected
2026-09-24 21:54:19,318 | INFO | watchfiles.main | 1 change detected
2026-09-24 21:54:19,725 | INFO | watchfiles.main | 1 change detected
2026-09-24 21:54:20,130 | INFO | watchfiles.main | 1 change detected
2026-09-24 21:54:20,535 | INFO | watchfiles.main | 1 change detected
2026-09-24 21:54:20,951 | INFO | watchfiles.main | 1 change detected
2026-09-24 21:54:21,359 | INFO | watchfiles.main | 1 change detected
2026-09-24 21:54:21,763 | INFO | watchfiles.main | 1 change detected
2026-09-24 21:54:22,165 | INFO | watchfiles.main | 1 change detected
2026-09-24 21:54:22,569 | INFO | watchfiles.main | 1 change detected
2026-09-24 21:54:22,985 | INFO | watchfiles.main | 1 change detected
2026-09-24 21:54:23,389 | INFO | watchfiles.main | 1 change detected
2026-09-24 21:54:23,795 | INFO | watchfiles.main | 1 change detected
2026-09-24 21:54:24,158 | INFO | watchfiles.main | 1 change detected
2026-09-24 21:54:24,565 | INFO | watchfiles.main | 1 change detected
2026-09-24 21:54:24,971 | INFO | watchfiles.main | 1 change detected
2026-09-24 21:54:25,376 | INFO | watchfiles.main | 1 change detected
2026-09-24 21:54:25,777 | INFO | watchfiles.main | 1 change detected
2026-09-24 21:54:26,179 | INFO | watchfiles.main | 1 change detected
2026-09-24 21:54:26,584 | INFO | watchfiles.main | 1 change detected
2026-09-24 21:54:26,986 | INFO | watchfiles.main | 1 change detected
2026-09-24 21:54:27,388 | INFO | watchfiles.main | 1 change detected
2026-09-24 21:54:27,792 | INFO | watchfiles.main | 1 change detected
2026-09-24 21:54:28,209 | INFO | watchfiles.main | 1 change detected
2026-09-24 21:54:28,613 | INFO | watchfiles.main | 1 change detected
2026-09-24 21:54:29,017 | INFO | watchfiles.main | 1 change detected
2026-09-24 21:54:29,420 | INFO | watchfiles.main | 1 change detected
2026-09-24 21:54:29,826 | INFO | watchfiles.main | 1 change detected
2026-09-24 21:54:30,232 | INFO | watchfiles.main | 1 change detected
2026-09-24 21:54:30,638 | INFO | watchfiles.main | 1 change detected
2026-09-24 21:54:31,043 | INFO | watchfiles.main | 1 change detected
2026-09-24 21:54:31,447 | INFO | watchfiles.main | 1 change detected
2026-09-24 21:54:31,852 | INFO | watchfiles.main | 1 change detected
2026-09-24 21:54:32,267 | INFO | watchfiles.main | 1 change detected
2026-09-24 21:54:32,671 | INFO | watchfiles.main | 1 change detected
2026-09-24 21:54:33,078 | INFO | watchfiles.main | 1 change detected
2026-09-24 21:54:33,483 | INFO | watchfiles.main | 1 change detected
2026-09-24 21:54:33,891 | INFO | watchfiles.main | 1 change detected
2026-09-24 21:54:34,293 | INFO | watchfiles.main | 1 change detected
2026-09-24 21:54:34,699 | INFO | watchfiles.main | 1 change detected
2026-09-24 21:54:35,105 | INFO | watchfiles.main | 1 change detected
2026-09-24 21:54:35,510 | INFO | watchfiles.main | 1 change detected
2026-09-24 21:54:35,913 | INFO | watchfiles.main | 1 change detected
2026-09-24 21:54:36,318 | INFO | watchfiles.main | 1 change detected
2026-09-24 21:54:36,723 | INFO | watchfiles.main | 1 change detected
2026-09-24 21:54:37,128 | INFO | watchfiles.main | 1 change detected
2026-09-24 21:54:37,533 | INFO | watchfiles.main | 1 change detected
2026-09-24 21:54:37,937 | INFO | watchfiles.main | 1 change detected
2026-09-24 21:54:38,342 | INFO | watchfiles.main | 1 change detected
2026-09-24 21:54:38,747 | INFO | watchfiles.main | 1 change detected
2026-09-24 21:54:39,151 | INFO | watchfiles.main | 1 change detected
2026-09-24 21:54:39,517 | INFO | watchfiles.main | 1 change detected
2026-09-24 21:54:39,925 | INFO | watchfiles.main | 1 change detected
2026-09-24 21:54:40,331 | INFO | watchfiles.main | 1 change detected
2026-09-24 21:54:40,748 | INFO | watchfiles.main | 1 change detected
2026-09-24 21:54:41,150 | INFO | watchfiles.main | 1 change detected
2026-09-24 21:54:41,556 | INFO | watchfiles.main | 1 change detected
2026-09-24 21:54:41,962 | INFO | watchfiles.main | 1 change detected
2026-09-24 21:54:42,366 | INFO | watchfiles.main | 1 change detected
2026-09-24 21:54:42,771 | INFO | watchfiles.main | 1 change detected
2026-09-24 21:54:43,177 | INFO | watchfiles.main | 1 change detected
2026-09-24 21:54:43,542 | INFO | watchfiles.main | 1 change detected
2026-09-24 21:54:43,955 | INFO | watchfiles.main | 1 change detected
2026-09-24 21:54:44,358 | INFO | watchfiles.main | 1 change detected
2026-09-24 21:54:44,765 | INFO | watchfiles.main | 1 change detected
2026-09-24 21:54:45,168 | INFO | watchfiles.main | 1 change detected
2026-09-24 21:54:45,606 | INFO | watchfiles.main | 1 change detected
2026-09-24 21:54:46,010 | INFO | watchfiles.main | 1 change detected
2026-09-24 21:54:46,415 | INFO | watchfiles.main | 1 change detected
2026-09-24 21:54:46,822 | INFO | watchfiles.main | 1 change detected
2026-09-24 21:54:47,238 | INFO | watchfiles.main | 1 change detected
2026-09-24 21:54:47,641 | INFO | watchfiles.main | 1 change detected
2026-09-24 21:54:48,050 | INFO | watchfiles.main | 1 change detected
2026-09-24 21:54:48,454 | INFO | watchfiles.main | 1 change detected
2026-09-24 21:54:48,857 | INFO | watchfiles.main | 1 change detected
2026-09-24 21:54:49,260 | INFO | watchfiles.main | 1 change detected
2026-09-24 21:54:49,664 | INFO | watchfiles.main | 1 change detected
2026-09-24 21:54:50,069 | INFO | watchfiles.main | 1 change detected
2026-09-24 21:54:50,485 | INFO | watchfiles.main | 1 change detected
2026-09-24 21:54:50,840 | INFO | watchfiles.main | 1 change detected
2026-09-24 21:54:51,245 | INFO | watchfiles.main | 1 change detected
2026-09-24 21:54:51,649 | INFO | watchfiles.main | 1 change detected
2026-09-24 21:54:52,052 | INFO | watchfiles.main | 1 change detected
2026-09-24 21:54:52,456 | INFO | watchfiles.main | 1 change detected
2026-09-24 21:54:52,862 | INFO | watchfiles.main | 1 change detected
2026-09-24 21:54:53,267 | INFO | watchfiles.main | 1 change detected
2026-09-24 21:54:53,672 | INFO | watchfiles.main | 1 change detected
2026-09-24 21:54:54,074 | INFO | watchfiles.main | 1 change detected
2026-09-24 21:54:54,476 | INFO | watchfiles.main | 1 change detected
2026-09-24 21:54:54,883 | INFO | watchfiles.main | 1 change detected
2026-09-24 21:54:55,288 | INFO | watchfiles.main | 1 change detected
2026-09-24 21:54:55,691 | INFO | watchfiles.main | 1 change detected
2026-09-24 21:54:56,098 | INFO | watchfiles.main | 1 change detected
2026-09-24 21:54:56,504 | INFO | watchfiles.main | 1 change detected
2026-09-24 21:54:56,918 | INFO | watchfiles.main | 1 change detected
2026-09-24 21:54:57,325 | INFO | watchfiles.main | 1 change detected
2026-09-24 21:54:57,740 | INFO | watchfiles.main | 1 change detected
2026-09-24 21:54:58,144 | INFO | watchfiles.main | 1 change detected
2026-09-24 21:54:58,548 | INFO | watchfiles.main | 1 change detected
2026-09-24 21:54:58,964 | INFO | watchfiles.main | 1 change detected
2026-09-24 21:54:59,369 | INFO | watchfiles.main | 1 change detected
2026-09-24 21:54:59,775 | INFO | watchfiles.main | 1 change detected
2026-09-24 21:55:00,180 | INFO | watchfiles.main | 1 change detected
2026-09-24 21:55:00,583 | INFO | watchfiles.main | 1 change detected
2026-09-24 21:55:00,949 | INFO | watchfiles.main | 1 change detected
2026-09-24 21:55:01,405 | INFO | watchfiles.main | 1 change detected
2026-09-24 21:55:01,768 | INFO | watchfiles.main | 1 change detected
2026-09-24 21:55:02,175 | INFO | watchfiles.main | 1 change detected
2026-09-24 21:55:02,591 | INFO | watchfiles.main | 1 change detected
2026-09-24 21:55:02,997 | INFO | watchfiles.main | 1 change detected
2026-09-24 21:55:03,403 | INFO | watchfiles.main | 1 change detected
2026-09-24 21:55:03,806 | INFO | watchfiles.main | 1 change detected
2026-09-24 21:55:04,214 | INFO | watchfiles.main | 1 change detected
2026-09-24 21:55:04,630 | INFO | watchfiles.main | 1 change detected
2026-09-24 21:55:05,083 | INFO | watchfiles.main | 1 change detected
2026-09-24 21:55:05,436 | INFO | watchfiles.main | 1 change detected
2026-09-24 21:55:05,848 | INFO | watchfiles.main | 1 change detected
2026-09-24 21:55:06,264 | INFO | watchfiles.main | 1 change detected
2026-09-24 21:55:06,668 | INFO | watchfiles.main | 1 change detected
2026-09-24 21:55:07,076 | INFO | watchfiles.main | 1 change detected
2026-09-24 21:55:07,493 | INFO | watchfiles.main | 1 change detected
2026-09-24 21:55:07,897 | INFO | watchfiles.main | 1 change detected
2026-09-24 21:55:08,303 | INFO | watchfiles.main | 1 change detected
2026-09-24 21:55:08,707 | INFO | watchfiles.main | 1 change detected
2026-09-24 21:55:09,111 | INFO | watchfiles.main | 1 change detected
2026-09-24 21:55:09,517 | INFO | watchfiles.main | 1 change detected
2026-09-24 21:55:09,921 | INFO | watchfiles.main | 1 change detected
2026-09-24 21:55:10,326 | INFO | watchfiles.main | 1 change detected
2026-09-24 21:55:10,731 | INFO | watchfiles.main | 1 change detected
2026-09-24 21:55:11,133 | INFO | watchfiles.main | 1 change detected
2026-09-24 21:55:11,538 | INFO | watchfiles.main | 1 change detected
2026-09-24 21:55:11,913 | INFO | watchfiles.main | 1 change detected
2026-09-24 21:55:12,328 | INFO | watchfiles.main | 1 change detected
2026-09-24 21:55:12,731 | INFO | watchfiles.main | 1 change detected
2026-09-24 21:55:13,132 | INFO | watchfiles.main | 1 change detected
2026-09-24 21:55:13,540 | INFO | watchfiles.main | 1 change detected
2026-09-24 21:55:13,944 | INFO | watchfiles.main | 1 change detected
2026-09-24 21:55:14,345 | INFO | watchfiles.main | 1 change detected
2026-09-24 21:55:14,749 | INFO | watchfiles.main | 1 change detected
2026-09-24 21:55:15,153 | INFO | watchfiles.main | 1 change detected
2026-09-24 21:55:15,558 | INFO | watchfiles.main | 1 change detected
2026-09-24 21:55:15,960 | INFO | watchfiles.main | 1 change detected
2026-09-24 21:55:16,367 | INFO | watchfiles.main | 1 change detected
2026-09-24 21:55:16,770 | INFO | watchfiles.main | 1 change detected
2026-09-24 21:55:17,183 | INFO | watchfiles.main | 1 change detected
2026-09-24 21:55:17,596 | INFO | watchfiles.main | 1 change detected
2026-09-24 21:55:17,998 | INFO | watchfiles.main | 1 change detected
2026-09-24 21:55:18,401 | INFO | watchfiles.main | 1 change detected
2026-09-24 21:55:18,755 | INFO | watchfiles.main | 1 change detected
2026-09-24 21:55:19,164 | INFO | watchfiles.main | 1 change detected
2026-09-24 21:55:19,572 | INFO | watchfiles.main | 1 change detected
2026-09-24 21:55:19,978 | INFO | watchfiles.main | 1 change detected
2026-09-24 21:55:20,383 | INFO | watchfiles.main | 1 change detected
2026-09-24 21:55:20,785 | INFO | watchfiles.main | 1 change detected
2026-09-24 21:55:21,192 | INFO | watchfiles.main | 1 change detected
2026-09-24 21:55:21,596 | INFO | watchfiles.main | 1 change detected
2026-09-24 21:55:22,004 | INFO | watchfiles.main | 1 change detected
2026-09-24 21:55:22,411 | INFO | watchfiles.main | 1 change detected
2026-09-24 21:55:22,814 | INFO | watchfiles.main | 1 change detected
2026-09-24 21:55:23,224 | INFO | watchfiles.main | 1 change detected
2026-09-24 21:55:23,632 | INFO | watchfiles.main | 1 change detected
2026-09-24 21:55:24,036 | INFO | watchfiles.main | 1 change detected
2026-09-24 21:55:24,437 | INFO | watchfiles.main | 1 change detected
2026-09-24 21:55:24,842 | INFO | watchfiles.main | 1 change detected
2026-09-24 21:55:25,250 | INFO | watchfiles.main | 1 change detected
2026-09-24 21:55:25,652 | INFO | watchfiles.main | 1 change detected
2026-09-24 21:55:26,055 | INFO | watchfiles.main | 1 change detected
2026-09-24 21:55:26,460 | INFO | watchfiles.main | 1 change detected
2026-09-24 21:55:26,828 | INFO | watchfiles.main | 1 change detected
2026-09-24 21:55:27,234 | INFO | watchfiles.main | 1 change detected
2026-09-24 21:55:27,637 | INFO | watchfiles.main | 1 change detected
2026-09-24 21:55:28,043 | INFO | watchfiles.main | 1 change detected
2026-09-24 21:55:28,450 | INFO | watchfiles.main | 1 change detected
2026-09-24 21:55:28,855 | INFO | watchfiles.main | 1 change detected
2026-09-24 21:55:29,258 | INFO | watchfiles.main | 1 change detected
2026-09-24 21:55:29,664 | INFO | watchfiles.main | 1 change detected
2026-09-24 21:55:30,069 | INFO | watchfiles.main | 1 change detected
2026-09-24 21:55:30,484 | INFO | watchfiles.main | 1 change detected
2026-09-24 21:55:30,892 | INFO | watchfiles.main | 1 change detected
2026-09-24 21:55:31,295 | INFO | watchfiles.main | 1 change detected
2026-09-24 21:55:31,700 | INFO | watchfiles.main | 1 change detected
2026-09-24 21:55:32,104 | INFO | watchfiles.main | 1 change detected
2026-09-24 21:55:32,508 | INFO | watchfiles.main | 1 change detected
2026-09-24 21:55:32,913 | INFO | watchfiles.main | 1 change detected
2026-09-24 21:55:33,318 | INFO | watchfiles.main | 1 change detected
2026-09-24 21:55:33,720 | INFO | watchfiles.main | 1 change detected
2026-09-24 21:55:34,134 | INFO | watchfiles.main | 1 change detected
2026-09-24 21:55:34,538 | INFO | watchfiles.main | 1 change detected
2026-09-24 21:55:34,939 | INFO | watchfiles.main | 1 change detected
2026-09-24 21:55:35,344 | INFO | watchfiles.main | 1 change detected
2026-09-24 21:55:35,753 | INFO | watchfiles.main | 1 change detected
2026-09-24 21:55:36,118 | INFO | watchfiles.main | 1 change detected
2026-09-24 21:55:36,528 | INFO | watchfiles.main | 1 change detected
2026-09-24 21:55:36,931 | INFO | watchfiles.main | 1 change detected
2026-09-24 21:55:37,335 | INFO | watchfiles.main | 1 change detected
2026-09-24 21:55:37,738 | INFO | watchfiles.main | 1 change detected
2026-09-24 21:55:38,144 | INFO | watchfiles.main | 1 change detected
2026-09-24 21:55:38,549 | INFO | watchfiles.main | 1 change detected
2026-09-24 21:55:38,954 | INFO | watchfiles.main | 1 change detected
2026-09-24 21:55:39,358 | INFO | watchfiles.main | 1 change detected
2026-09-24 21:55:39,765 | INFO | watchfiles.main | 1 change detected
2026-09-24 21:55:40,168 | INFO | watchfiles.main | 1 change detected
2026-09-24 21:55:40,575 | INFO | watchfiles.main | 1 change detected
2026-09-24 21:55:40,978 | INFO | watchfiles.main | 1 change detected
2026-09-24 21:55:41,381 | INFO | watchfiles.main | 1 change detected
2026-09-24 21:55:41,797 | INFO | watchfiles.main | 1 change detected
2026-09-24 21:55:42,199 | INFO | watchfiles.main | 1 change detected
2026-09-24 21:55:42,564 | INFO | watchfiles.main | 1 change detected
2026-09-24 21:55:42,972 | INFO | watchfiles.main | 1 change detected
2026-09-24 21:55:43,378 | INFO | watchfiles.main | 1 change detected
2026-09-24 21:55:43,793 | INFO | watchfiles.main | 1 change detected
2026-09-24 21:55:44,196 | INFO | watchfiles.main | 1 change detected
2026-09-24 21:55:44,608 | INFO | watchfiles.main | 1 change detected
2026-09-24 21:55:45,017 | INFO | watchfiles.main | 1 change detected
2026-09-24 21:55:45,421 | INFO | watchfiles.main | 1 change detected
2026-09-24 21:55:45,823 | INFO | watchfiles.main | 1 change detected
2026-09-24 21:55:46,228 | INFO | watchfiles.main | 1 change detected
2026-09-24 21:55:46,633 | INFO | watchfiles.main | 1 change detected
2026-09-24 21:55:47,038 | INFO | watchfiles.main | 1 change detected
2026-09-24 21:55:47,444 | INFO | watchfiles.main | 1 change detected
2026-09-24 21:55:47,848 | INFO | watchfiles.main | 1 change detected
2026-09-24 21:55:48,255 | INFO | watchfiles.main | 1 change detected
2026-09-24 21:55:48,619 | INFO | watchfiles.main | 1 change detected
2026-09-24 21:55:49,029 | INFO | watchfiles.main | 1 change detected
2026-09-24 21:55:49,435 | INFO | watchfiles.main | 1 change detected
2026-09-24 21:55:49,842 | INFO | watchfiles.main | 1 change detected
2026-09-24 21:55:50,248 | INFO | watchfiles.main | 1 change detected
2026-09-24 21:55:50,652 | INFO | watchfiles.main | 1 change detected
2026-09-24 21:55:51,057 | INFO | watchfiles.main | 1 change detected
2026-09-24 21:55:51,473 | INFO | watchfiles.main | 1 change detected
2026-09-24 21:55:51,878 | INFO | watchfiles.main | 1 change detected
2026-09-24 21:55:52,290 | INFO | watchfiles.main | 1 change detected
2026-09-24 21:55:52,696 | INFO | watchfiles.main | 1 change detected
2026-09-24 21:55:53,101 | INFO | watchfiles.main | 1 change detected
2026-09-24 21:55:53,503 | INFO | watchfiles.main | 1 change detected
2026-09-24 21:55:53,909 | INFO | watchfiles.main | 1 change detected
2026-09-24 21:55:54,311 | INFO | watchfiles.main | 1 change detected
2026-09-24 21:55:54,716 | INFO | watchfiles.main | 1 change detected
2026-09-24 21:55:55,119 | INFO | watchfiles.main | 1 change detected
2026-09-24 21:55:55,527 | INFO | watchfiles.main | 1 change detected
2026-09-24 21:55:55,893 | INFO | watchfiles.main | 1 change detected
2026-09-24 21:55:56,298 | INFO | watchfiles.main | 1 change detected
2026-09-24 21:55:56,701 | INFO | watchfiles.main | 1 change detected
2026-09-24 21:55:57,110 | INFO | watchfiles.main | 1 change detected
2026-09-24 21:55:57,512 | INFO | watchfiles.main | 1 change detected
2026-09-24 21:55:57,915 | INFO | watchfiles.main | 1 change detected
2026-09-24 21:55:58,331 | INFO | watchfiles.main | 1 change detected
2026-09-24 21:55:58,736 | INFO | watchfiles.main | 1 change detected
2026-09-24 21:55:59,144 | INFO | watchfiles.main | 1 change detected
2026-09-24 21:55:59,561 | INFO | watchfiles.main | 1 change detected
2026-09-24 21:55:59,963 | INFO | watchfiles.main | 1 change detected
2026-09-24 21:56:00,378 | INFO | watchfiles.main | 1 change detected
2026-09-24 21:56:00,733 | INFO | watchfiles.main | 1 change detected
2026-09-24 21:56:01,141 | INFO | watchfiles.main | 1 change detected
2026-09-24 21:56:01,543 | INFO | watchfiles.main | 1 change detected
2026-09-24 21:56:01,944 | INFO | watchfiles.main | 1 change detected
2026-09-24 21:56:02,349 | INFO | watchfiles.main | 1 change detected
2026-09-24 21:56:02,754 | INFO | watchfiles.main | 1 change detected
2026-09-24 21:56:03,172 | INFO | watchfiles.main | 1 change detected
2026-09-24 21:56:03,574 | INFO | watchfiles.main | 1 change detected
2026-09-24 21:56:03,978 | INFO | watchfiles.main | 1 change detected
2026-09-24 21:56:04,383 | INFO | watchfiles.main | 1 change detected
2026-09-24 21:56:04,788 | INFO | watchfiles.main | 1 change detected
2026-09-24 21:56:05,193 | INFO | watchfiles.main | 1 change detected
2026-09-24 21:56:05,596 | INFO | watchfiles.main | 1 change detected
2026-09-24 21:56:06,049 | INFO | watchfiles.main | 1 change detected
2026-09-24 21:56:06,412 | INFO | watchfiles.main | 1 change detected
2026-09-24 21:56:06,820 | INFO | watchfiles.main | 1 change detected
2026-09-24 21:56:07,227 | INFO | watchfiles.main | 1 change detected
2026-09-24 21:56:07,630 | INFO | watchfiles.main | 1 change detected
2026-09-24 21:56:08,034 | INFO | watchfiles.main | 1 change detected
2026-09-24 21:56:08,451 | INFO | watchfiles.main | 1 change detected
2026-09-24 21:56:08,812 | INFO | watchfiles.main | 1 change detected
2026-09-24 21:56:09,279 | INFO | watchfiles.main | 1 change detected
2026-09-24 21:56:09,656 | INFO | watchfiles.main | 1 change detected
2026-09-24 21:56:10,064 | INFO | watchfiles.main | 1 change detected
2026-09-24 21:56:10,469 | INFO | watchfiles.main | 1 change detected
2026-09-24 21:56:10,872 | INFO | watchfiles.main | 1 change detected
2026-09-24 21:56:11,289 | INFO | watchfiles.main | 1 change detected
2026-09-24 21:56:11,693 | INFO | watchfiles.main | 1 change detected
2026-09-24 21:56:12,098 | INFO | watchfiles.main | 1 change detected
2026-09-24 21:56:12,501 | INFO | watchfiles.main | 1 change detected
2026-09-24 21:56:12,906 | INFO | watchfiles.main | 1 change detected
2026-09-24 21:56:13,312 | INFO | watchfiles.main | 1 change detected
2026-09-24 21:56:13,719 | INFO | watchfiles.main | 1 change detected
2026-09-24 21:56:14,122 | INFO | watchfiles.main | 1 change detected
2026-09-24 21:56:14,528 | INFO | watchfiles.main | 1 change detected
2026-09-24 21:56:14,932 | INFO | watchfiles.main | 1 change detected
2026-09-24 21:56:15,334 | INFO | watchfiles.main | 1 change detected
2026-09-24 21:56:15,737 | INFO | watchfiles.main | 1 change detected
2026-09-24 21:56:16,139 | INFO | watchfiles.main | 1 change detected
2026-09-24 21:56:16,544 | INFO | watchfiles.main | 1 change detected
2026-09-24 21:56:16,951 | INFO | watchfiles.main | 1 change detected
2026-09-24 21:56:17,356 | INFO | watchfiles.main | 1 change detected
2026-09-24 21:56:17,760 | INFO | watchfiles.main | 1 change detected
2026-09-24 21:56:18,164 | INFO | watchfiles.main | 1 change detected
2026-09-24 21:56:18,567 | INFO | watchfiles.main | 1 change detected
2026-09-24 21:56:18,970 | INFO | watchfiles.main | 1 change detected
2026-09-24 21:56:19,374 | INFO | watchfiles.main | 1 change detected
2026-09-24 21:56:19,790 | INFO | watchfiles.main | 1 change detected
2026-09-24 21:56:20,195 | INFO | watchfiles.main | 1 change detected
2026-09-24 21:56:20,598 | INFO | watchfiles.main | 1 change detected
2026-09-24 21:56:21,004 | INFO | watchfiles.main | 1 change detected
2026-09-24 21:56:21,409 | INFO | watchfiles.main | 1 change detected
2026-09-24 21:56:21,814 | INFO | watchfiles.main | 1 change detected
2026-09-24 21:56:22,220 | INFO | watchfiles.main | 1 change detected
2026-09-24 21:56:22,625 | INFO | watchfiles.main | 1 change detected
2026-09-24 21:56:23,041 | INFO | watchfiles.main | 1 change detected
2026-09-24 21:56:23,452 | INFO | watchfiles.main | 1 change detected
2026-09-24 21:56:23,817 | INFO | watchfiles.main | 1 change detected
2026-09-24 21:56:24,223 | INFO | watchfiles.main | 1 change detected
2026-09-24 21:56:24,627 | INFO | watchfiles.main | 1 change detected
2026-09-24 21:56:25,032 | INFO | watchfiles.main | 1 change detected
2026-09-24 21:56:25,435 | INFO | watchfiles.main | 1 change detected
2026-09-24 21:56:25,851 | INFO | watchfiles.main | 1 change detected
2026-09-24 21:56:26,254 | INFO | watchfiles.main | 1 change detected
2026-09-24 21:56:26,660 | INFO | watchfiles.main | 1 change detected
2026-09-24 21:56:27,065 | INFO | watchfiles.main | 1 change detected
2026-09-24 21:56:27,469 | INFO | watchfiles.main | 1 change detected
2026-09-24 21:56:27,872 | INFO | watchfiles.main | 1 change detected
2026-09-24 21:56:28,289 | INFO | watchfiles.main | 1 change detected
2026-09-24 21:56:28,695 | INFO | watchfiles.main | 1 change detected
2026-09-24 21:56:29,099 | INFO | watchfiles.main | 1 change detected
2026-09-24 21:56:29,503 | INFO | watchfiles.main | 1 change detected
2026-09-24 21:56:29,908 | INFO | watchfiles.main | 1 change detected
2026-09-24 21:56:30,323 | INFO | watchfiles.main | 1 change detected
2026-09-24 21:56:30,689 | INFO | watchfiles.main | 1 change detected
2026-09-24 21:56:31,127 | INFO | watchfiles.main | 1 change detected
2026-09-24 21:56:31,482 | INFO | watchfiles.main | 1 change detected
2026-09-24 21:56:31,900 | INFO | watchfiles.main | 1 change detected
2026-09-24 21:56:32,311 | INFO | watchfiles.main | 1 change detected
2026-09-24 21:56:32,714 | INFO | watchfiles.main | 1 change detected
2026-09-24 21:56:33,118 | INFO | watchfiles.main | 1 change detected
2026-09-24 21:56:33,523 | INFO | watchfiles.main | 1 change detected
2026-09-24 21:56:33,938 | INFO | watchfiles.main | 1 change detected
2026-09-24 21:56:34,339 | INFO | watchfiles.main | 1 change detected
2026-09-24 21:56:34,747 | INFO | watchfiles.main | 1 change detected
2026-09-24 21:56:35,110 | INFO | watchfiles.main | 1 change detected
2026-09-24 21:56:35,520 | INFO | watchfiles.main | 1 change detected
2026-09-24 21:56:35,929 | INFO | watchfiles.main | 1 change detected
2026-09-24 21:56:36,335 | INFO | watchfiles.main | 1 change detected
2026-09-24 21:56:36,739 | INFO | watchfiles.main | 1 change detected
2026-09-24 21:56:37,143 | INFO | watchfiles.main | 1 change detected
2026-09-24 21:56:37,559 | INFO | watchfiles.main | 1 change detected
2026-09-24 21:56:37,964 | INFO | watchfiles.main | 1 change detected
2026-09-24 21:56:38,368 | INFO | watchfiles.main | 1 change detected
2026-09-24 21:56:38,771 | INFO | watchfiles.main | 1 change detected
2026-09-24 21:56:39,175 | INFO | watchfiles.main | 1 change detected
2026-09-24 21:56:39,578 | INFO | watchfiles.main | 1 change detected
2026-09-24 21:56:39,983 | INFO | watchfiles.main | 1 change detected
2026-09-24 21:56:40,391 | INFO | watchfiles.main | 1 change detected
2026-09-24 21:56:40,794 | INFO | watchfiles.main | 1 change detected
2026-09-24 21:56:41,196 | INFO | watchfiles.main | 1 change detected
2026-09-24 21:56:41,600 | INFO | watchfiles.main | 1 change detected
2026-09-24 21:56:41,965 | INFO | watchfiles.main | 1 change detected
2026-09-24 21:56:42,370 | INFO | watchfiles.main | 1 change detected
2026-09-24 21:56:42,775 | INFO | watchfiles.main | 1 change detected
2026-09-24 21:56:43,180 | INFO | watchfiles.main | 1 change detected
2026-09-24 21:56:43,582 | INFO | watchfiles.main | 1 change detected
2026-09-24 21:56:43,987 | INFO | watchfiles.main | 1 change detected
2026-09-24 21:56:44,389 | INFO | watchfiles.main | 1 change detected
2026-09-24 21:56:44,799 | INFO | watchfiles.main | 1 change detected
2026-09-24 21:56:45,202 | INFO | watchfiles.main | 1 change detected
2026-09-24 21:56:45,610 | INFO | watchfiles.main | 1 change detected
2026-09-24 21:56:46,018 | INFO | watchfiles.main | 1 change detected
2026-09-24 21:56:46,432 | INFO | watchfiles.main | 1 change detected
2026-09-24 21:56:46,792 | INFO | watchfiles.main | 1 change detected
2026-09-24 21:56:47,198 | INFO | watchfiles.main | 1 change detected
2026-09-24 21:56:47,604 | INFO | watchfiles.main | 1 change detected
2026-09-24 21:56:48,010 | INFO | watchfiles.main | 1 change detected
2026-09-24 21:56:48,415 | INFO | watchfiles.main | 1 change detected
2026-09-24 21:56:48,831 | INFO | watchfiles.main | 1 change detected
2026-09-24 21:56:49,233 | INFO | watchfiles.main | 1 change detected
2026-09-24 21:56:49,638 | INFO | watchfiles.main | 1 change detected
2026-09-24 21:56:50,044 | INFO | watchfiles.main | 1 change detected
2026-09-24 21:56:50,446 | INFO | watchfiles.main | 1 change detected
2026-09-24 21:56:50,851 | INFO | watchfiles.main | 1 change detected
2026-09-24 21:56:51,256 | INFO | watchfiles.main | 1 change detected
2026-09-24 21:56:51,660 | INFO | watchfiles.main | 1 change detected
2026-09-24 21:56:52,067 | INFO | watchfiles.main | 1 change detected
2026-09-24 21:56:52,471 | INFO | watchfiles.main | 1 change detected
2026-09-24 21:56:52,875 | INFO | watchfiles.main | 1 change detected
2026-09-24 21:56:53,291 | INFO | watchfiles.main | 1 change detected
2026-09-24 21:56:53,699 | INFO | watchfiles.main | 1 change detected
2026-09-24 21:56:54,101 | INFO | watchfiles.main | 1 change detected
2026-09-24 21:56:54,468 | INFO | watchfiles.main | 1 change detected
2026-09-24 21:56:54,879 | INFO | watchfiles.main | 1 change detected
2026-09-24 21:56:55,288 | INFO | watchfiles.main | 1 change detected
2026-09-24 21:56:55,694 | INFO | watchfiles.main | 1 change detected
2026-09-24 21:56:56,123 | INFO | watchfiles.main | 1 change detected
2026-09-24 21:56:56,677 | INFO | watchfiles.main | 1 change detected
2026-09-24 21:56:57,143 | INFO | watchfiles.main | 1 change detected
2026-09-24 21:56:57,693 | INFO | watchfiles.main | 1 change detected
2026-09-24 21:56:58,150 | INFO | watchfiles.main | 1 change detected
2026-09-24 21:56:58,774 | INFO | watchfiles.main | 1 change detected
2026-09-24 21:56:59,394 | INFO | watchfiles.main | 1 change detected
2026-09-24 21:56:59,820 | INFO | watchfiles.main | 1 change detected
2026-09-24 21:57:00,241 | INFO | watchfiles.main | 1 change detected
2026-09-24 21:57:00,598 | INFO | watchfiles.main | 1 change detected
2026-09-24 21:57:01,003 | INFO | watchfiles.main | 1 change detected
2026-09-24 21:57:01,410 | INFO | watchfiles.main | 1 change detected
2026-09-24 21:57:01,863 | INFO | watchfiles.main | 1 change detected
2026-09-24 21:57:02,228 | INFO | watchfiles.main | 1 change detected
2026-09-24 21:57:02,635 | INFO | watchfiles.main | 1 change detected
2026-09-24 21:57:03,053 | INFO | watchfiles.main | 1 change detected
2026-09-24 21:57:03,459 | INFO | watchfiles.main | 1 change detected
2026-09-24 21:57:03,875 | INFO | watchfiles.main | 1 change detected
2026-09-24 21:57:04,288 | INFO | watchfiles.main | 1 change detected
2026-09-24 21:57:04,647 | INFO | watchfiles.main | 1 change detected
2026-09-24 21:57:05,055 | INFO | watchfiles.main | 1 change detected
2026-09-24 21:57:05,457 | INFO | watchfiles.main | 1 change detected
2026-09-24 21:57:06,013 | INFO | watchfiles.main | 1 change detected
2026-09-24 21:57:06,422 | INFO | watchfiles.main | 1 change detected
2026-09-24 21:57:06,788 | INFO | watchfiles.main | 1 change detected
2026-09-24 21:57:07,195 | INFO | watchfiles.main | 1 change detected
2026-09-24 21:57:07,601 | INFO | watchfiles.main | 1 change detected
2026-09-24 21:57:08,004 | INFO | watchfiles.main | 1 change detected
2026-09-24 21:57:08,407 | INFO | watchfiles.main | 1 change detected
2026-09-24 21:57:08,814 | INFO | watchfiles.main | 1 change detected
2026-09-24 21:57:09,216 | INFO | watchfiles.main | 1 change detected
2026-09-24 21:57:09,620 | INFO | watchfiles.main | 1 change detected
2026-09-24 21:57:10,022 | INFO | watchfiles.main | 1 change detected
2026-09-24 21:57:10,425 | INFO | watchfiles.main | 1 change detected
2026-09-24 21:57:10,827 | INFO | watchfiles.main | 1 change detected
2026-09-24 21:57:11,231 | INFO | watchfiles.main | 1 change detected
2026-09-24 21:57:11,641 | INFO | watchfiles.main | 1 change detected
2026-09-24 21:57:12,057 | INFO | watchfiles.main | 1 change detected
2026-09-24 21:57:12,459 | INFO | watchfiles.main | 1 change detected
2026-09-24 21:57:12,866 | INFO | watchfiles.main | 1 change detected
2026-09-24 21:57:13,270 | INFO | watchfiles.main | 1 change detected
2026-09-24 21:57:13,685 | INFO | watchfiles.main | 1 change detected
2026-09-24 21:57:14,088 | INFO | watchfiles.main | 1 change detected
2026-09-24 21:57:14,493 | INFO | watchfiles.main | 1 change detected
2026-09-24 21:57:14,908 | INFO | watchfiles.main | 1 change detected
2026-09-24 21:57:15,314 | INFO | watchfiles.main | 1 change detected
2026-09-24 21:57:15,716 | INFO | watchfiles.main | 1 change detected
2026-09-24 21:57:16,120 | INFO | watchfiles.main | 1 change detected
2026-09-24 21:57:16,537 | INFO | watchfiles.main | 1 change detected
2026-09-24 21:57:16,892 | INFO | watchfiles.main | 1 change detected
2026-09-24 21:57:17,307 | INFO | watchfiles.main | 1 change detected
2026-09-24 21:57:17,761 | INFO | watchfiles.main | 1 change detected
2026-09-24 21:57:18,122 | INFO | watchfiles.main | 1 change detected
2026-09-24 21:57:18,531 | INFO | watchfiles.main | 1 change detected
2026-09-24 21:57:18,935 | INFO | watchfiles.main | 1 change detected
2026-09-24 21:57:19,340 | INFO | watchfiles.main | 1 change detected
2026-09-24 21:57:19,742 | INFO | watchfiles.main | 1 change detected
2026-09-24 21:57:20,151 | INFO | watchfiles.main | 1 change detected
2026-09-24 21:57:20,555 | INFO | watchfiles.main | 1 change detected
2026-09-24 21:57:20,957 | INFO | watchfiles.main | 1 change detected
2026-09-24 21:57:21,359 | INFO | watchfiles.main | 1 change detected
2026-09-24 21:57:21,775 | INFO | watchfiles.main | 1 change detected
2026-09-24 21:57:22,179 | INFO | watchfiles.main | 1 change detected
2026-09-24 21:57:22,614 | INFO | watchfiles.main | 1 change detected
2026-09-24 21:57:22,978 | INFO | watchfiles.main | 1 change detected
2026-09-24 21:57:23,387 | INFO | watchfiles.main | 1 change detected
2026-09-24 21:57:23,802 | INFO | watchfiles.main | 1 change detected
2026-09-24 21:57:24,207 | INFO | watchfiles.main | 1 change detected
2026-09-24 21:57:24,610 | INFO | watchfiles.main | 1 change detected
2026-09-24 21:57:25,015 | INFO | watchfiles.main | 1 change detected
2026-09-24 21:57:25,445 | INFO | watchfiles.main | 1 change detected
2026-09-24 21:57:25,810 | INFO | watchfiles.main | 1 change detected
2026-09-24 21:57:26,214 | INFO | watchfiles.main | 1 change detected
2026-09-24 21:57:26,644 | INFO | watchfiles.main | 1 change detected
2026-09-24 21:57:27,072 | INFO | watchfiles.main | 1 change detected
2026-09-24 21:57:27,477 | INFO | watchfiles.main | 1 change detected
2026-09-24 21:57:27,880 | INFO | watchfiles.main | 1 change detected
2026-09-24 21:57:28,287 | INFO | watchfiles.main | 1 change detected
2026-09-24 21:57:28,692 | INFO | watchfiles.main | 1 change detected
2026-09-24 21:57:29,093 | INFO | watchfiles.main | 1 change detected
2026-09-24 21:57:29,508 | INFO | watchfiles.main | 1 change detected
2026-09-24 21:57:29,912 | INFO | watchfiles.main | 1 change detected
2026-09-24 21:57:30,318 | INFO | watchfiles.main | 1 change detected
2026-09-24 21:57:30,722 | INFO | watchfiles.main | 1 change detected
2026-09-24 21:57:31,128 | INFO | watchfiles.main | 1 change detected
2026-09-24 21:57:31,536 | INFO | watchfiles.main | 1 change detected
2026-09-24 21:57:31,992 | INFO | watchfiles.main | 1 change detected
2026-09-24 21:57:32,405 | INFO | watchfiles.main | 1 change detected
2026-09-24 21:57:32,812 | INFO | watchfiles.main | 1 change detected
2026-09-24 21:57:33,214 | INFO | watchfiles.main | 1 change detected
2026-09-24 21:57:33,622 | INFO | watchfiles.main | 1 change detected
2026-09-24 21:57:34,026 | INFO | watchfiles.main | 1 change detected
2026-09-24 21:57:34,431 | INFO | watchfiles.main | 1 change detected
2026-09-24 21:57:34,840 | INFO | watchfiles.main | 1 change detected
2026-09-24 21:57:35,250 | INFO | watchfiles.main | 1 change detected
2026-09-24 21:57:35,657 | INFO | watchfiles.main | 1 change detected
2026-09-24 21:57:36,061 | INFO | watchfiles.main | 1 change detected
2026-09-24 21:57:36,465 | INFO | watchfiles.main | 1 change detected
2026-09-24 21:57:36,873 | INFO | watchfiles.main | 1 change detected
2026-09-24 21:57:37,278 | INFO | watchfiles.main | 1 change detected
2026-09-24 21:57:37,683 | INFO | watchfiles.main | 1 change detected
2026-09-24 21:57:38,088 | INFO | watchfiles.main | 1 change detected
2026-09-24 21:57:38,497 | INFO | watchfiles.main | 1 change detected
2026-09-24 21:57:38,900 | INFO | watchfiles.main | 1 change detected
2026-09-24 21:57:39,305 | INFO | watchfiles.main | 1 change detected
2026-09-24 21:57:39,710 | INFO | watchfiles.main | 1 change detected
2026-09-24 21:57:40,117 | INFO | watchfiles.main | 1 change detected
2026-09-24 21:57:40,469 | INFO | watchfiles.main | 1 change detected
2026-09-24 21:57:40,880 | INFO | watchfiles.main | 1 change detected
2026-09-24 21:57:41,285 | INFO | watchfiles.main | 1 change detected
2026-09-24 21:57:41,700 | INFO | watchfiles.main | 1 change detected
2026-09-24 21:57:42,104 | INFO | watchfiles.main | 1 change detected
2026-09-24 21:57:42,509 | INFO | watchfiles.main | 1 change detected
2026-09-24 21:57:42,913 | INFO | watchfiles.main | 1 change detected
2026-09-24 21:57:43,317 | INFO | watchfiles.main | 1 change detected
2026-09-24 21:57:43,733 | INFO | watchfiles.main | 1 change detected
2026-09-24 21:57:44,137 | INFO | watchfiles.main | 1 change detected
2026-09-24 21:57:44,544 | INFO | watchfiles.main | 1 change detected
2026-09-24 21:57:44,950 | INFO | watchfiles.main | 1 change detected
2026-09-24 21:57:45,304 | INFO | watchfiles.main | 1 change detected
2026-09-24 21:57:45,714 | INFO | watchfiles.main | 1 change detected
2026-09-24 21:57:46,116 | INFO | watchfiles.main | 1 change detected
2026-09-24 21:57:46,522 | INFO | watchfiles.main | 1 change detected
2026-09-24 21:57:46,930 | INFO | watchfiles.main | 1 change detected
2026-09-24 21:57:47,335 | INFO | watchfiles.main | 1 change detected
2026-09-24 21:57:47,738 | INFO | watchfiles.main | 1 change detected
2026-09-24 21:57:48,154 | INFO | watchfiles.main | 1 change detected
2026-09-24 21:57:48,561 | INFO | watchfiles.main | 1 change detected
2026-09-24 21:57:48,964 | INFO | watchfiles.main | 1 change detected
2026-09-24 21:57:49,370 | INFO | watchfiles.main | 1 change detected
2026-09-24 21:57:49,772 | INFO | watchfiles.main | 1 change detected
2026-09-24 21:57:50,179 | INFO | watchfiles.main | 1 change detected
2026-09-24 21:57:50,599 | INFO | watchfiles.main | 1 change detected
2026-09-24 21:57:51,003 | INFO | watchfiles.main | 1 change detected
2026-09-24 21:57:51,409 | INFO | watchfiles.main | 1 change detected
2026-09-24 21:57:51,824 | INFO | watchfiles.main | 1 change detected
2026-09-24 21:57:52,229 | INFO | watchfiles.main | 1 change detected
2026-09-24 21:57:52,595 | INFO | watchfiles.main | 1 change detected
2026-09-24 21:57:53,002 | INFO | watchfiles.main | 1 change detected
2026-09-24 21:57:53,404 | INFO | watchfiles.main | 1 change detected
2026-09-24 21:57:53,819 | INFO | watchfiles.main | 1 change detected
2026-09-24 21:57:54,237 | INFO | watchfiles.main | 1 change detected
2026-09-24 21:57:54,642 | INFO | watchfiles.main | 1 change detected
2026-09-24 21:57:55,047 | INFO | watchfiles.main | 1 change detected
2026-09-24 21:57:55,454 | INFO | watchfiles.main | 1 change detected
2026-09-24 21:57:55,862 | INFO | watchfiles.main | 1 change detected
2026-09-24 21:57:56,265 | INFO | watchfiles.main | 1 change detected
2026-09-24 21:57:56,668 | INFO | watchfiles.main | 1 change detected
2026-09-24 21:57:57,073 | INFO | watchfiles.main | 1 change detected
2026-09-24 21:57:57,476 | INFO | watchfiles.main | 1 change detected
2026-09-24 21:57:57,879 | INFO | watchfiles.main | 1 change detected
2026-09-24 21:57:58,283 | INFO | watchfiles.main | 1 change detected
2026-09-24 21:57:58,685 | INFO | watchfiles.main | 1 change detected
2026-09-24 21:57:59,094 | INFO | watchfiles.main | 1 change detected
2026-09-24 21:57:59,500 | INFO | watchfiles.main | 1 change detected
2026-09-24 21:57:59,903 | INFO | watchfiles.main | 1 change detected
2026-09-24 21:58:00,309 | INFO | watchfiles.main | 1 change detected
2026-09-24 21:58:00,713 | INFO | watchfiles.main | 1 change detected
2026-09-24 21:58:01,118 | INFO | watchfiles.main | 1 change detected
2026-09-24 21:58:01,522 | INFO | watchfiles.main | 1 change detected
2026-09-24 21:58:01,931 | INFO | watchfiles.main | 1 change detected
2026-09-24 21:58:02,289 | INFO | watchfiles.main | 1 change detected
2026-09-24 21:58:02,702 | INFO | watchfiles.main | 1 change detected
2026-09-24 21:58:03,104 | INFO | watchfiles.main | 1 change detected
2026-09-24 21:58:03,506 | INFO | watchfiles.main | 1 change detected
2026-09-24 21:58:03,922 | INFO | watchfiles.main | 1 change detected
2026-09-24 21:58:04,327 | INFO | watchfiles.main | 1 change detected
2026-09-24 21:58:04,735 | INFO | watchfiles.main | 1 change detected
2026-09-24 21:58:05,101 | INFO | watchfiles.main | 1 change detected
2026-09-24 21:58:05,505 | INFO | watchfiles.main | 1 change detected
2026-09-24 21:58:05,912 | INFO | watchfiles.main | 1 change detected
2026-09-24 21:58:06,819 | INFO | watchfiles.main | 1 change detected
2026-09-24 21:58:07,181 | INFO | watchfiles.main | 1 change detected
2026-09-24 21:58:07,588 | INFO | watchfiles.main | 1 change detected
2026-09-24 21:58:07,995 | INFO | watchfiles.main | 1 change detected
2026-09-24 21:58:08,397 | INFO | watchfiles.main | 1 change detected
2026-09-24 21:58:08,803 | INFO | watchfiles.main | 1 change detected
2026-09-24 21:58:09,216 | INFO | watchfiles.main | 1 change detected
2026-09-24 21:58:09,618 | INFO | watchfiles.main | 1 change detected
2026-09-24 21:58:10,023 | INFO | watchfiles.main | 1 change detected
2026-09-24 21:58:10,427 | INFO | watchfiles.main | 1 change detected
2026-09-24 21:58:10,831 | INFO | watchfiles.main | 1 change detected
2026-09-24 21:58:11,233 | INFO | watchfiles.main | 1 change detected
2026-09-24 21:58:11,638 | INFO | watchfiles.main | 1 change detected
2026-09-24 21:58:12,043 | INFO | watchfiles.main | 1 change detected
2026-09-24 21:58:12,447 | INFO | watchfiles.main | 1 change detected
2026-09-24 21:58:12,850 | INFO | watchfiles.main | 1 change detected
2026-09-24 21:58:13,251 | INFO | watchfiles.main | 1 change detected
2026-09-24 21:58:13,654 | INFO | watchfiles.main | 1 change detected
2026-09-24 21:58:14,069 | INFO | watchfiles.main | 1 change detected
2026-09-24 21:58:14,474 | INFO | watchfiles.main | 1 change detected
2026-09-24 21:58:14,877 | INFO | watchfiles.main | 1 change detected
2026-09-24 21:58:15,281 | INFO | watchfiles.main | 1 change detected
2026-09-24 21:58:15,688 | INFO | watchfiles.main | 1 change detected
2026-09-24 21:58:16,105 | INFO | watchfiles.main | 1 change detected
2026-09-24 21:58:16,471 | INFO | watchfiles.main | 1 change detected
2026-09-24 21:58:16,878 | INFO | watchfiles.main | 1 change detected
2026-09-24 21:58:17,285 | INFO | watchfiles.main | 1 change detected
2026-09-24 21:58:17,690 | INFO | watchfiles.main | 1 change detected
2026-09-24 21:58:18,108 | INFO | watchfiles.main | 1 change detected
2026-09-24 21:58:18,512 | INFO | watchfiles.main | 1 change detected
2026-09-24 21:58:18,914 | INFO | watchfiles.main | 1 change detected
2026-09-24 21:58:19,321 | INFO | watchfiles.main | 1 change detected
2026-09-24 21:58:19,727 | INFO | watchfiles.main | 1 change detected
2026-09-24 21:58:20,133 | INFO | watchfiles.main | 1 change detected
2026-09-24 21:58:20,547 | INFO | watchfiles.main | 1 change detected
2026-09-24 21:58:20,955 | INFO | watchfiles.main | 1 change detected
2026-09-24 21:58:21,357 | INFO | watchfiles.main | 1 change detected
2026-09-24 21:58:21,722 | INFO | watchfiles.main | 1 change detected
2026-09-24 21:58:22,127 | INFO | watchfiles.main | 1 change detected
2026-09-24 21:58:22,557 | INFO | watchfiles.main | 1 change detected
2026-09-24 21:58:22,929 | INFO | watchfiles.main | 1 change detected
2026-09-24 21:58:23,338 | INFO | watchfiles.main | 1 change detected
2026-09-24 21:58:23,742 | INFO | watchfiles.main | 1 change detected
2026-09-24 21:58:24,145 | INFO | watchfiles.main | 1 change detected
2026-09-24 21:58:24,618 | INFO | watchfiles.main | 1 change detected
2026-09-24 21:58:24,977 | INFO | watchfiles.main | 1 change detected
2026-09-24 21:58:25,395 | INFO | watchfiles.main | 1 change detected
2026-09-24 21:58:25,752 | INFO | watchfiles.main | 1 change detected
2026-09-24 21:58:26,163 | INFO | watchfiles.main | 1 change detected
2026-09-24 21:58:26,565 | INFO | watchfiles.main | 1 change detected
2026-09-24 21:58:26,970 | INFO | watchfiles.main | 1 change detected
2026-09-24 21:58:27,375 | INFO | watchfiles.main | 1 change detected
2026-09-24 21:58:27,784 | INFO | watchfiles.main | 1 change detected
2026-09-24 21:58:28,189 | INFO | watchfiles.main | 1 change detected
2026-09-24 21:58:28,603 | INFO | watchfiles.main | 1 change detected
2026-09-24 21:58:29,013 | INFO | watchfiles.main | 1 change detected
2026-09-24 21:58:29,418 | INFO | watchfiles.main | 1 change detected
2026-09-24 21:58:29,820 | INFO | watchfiles.main | 1 change detected
2026-09-24 21:58:30,228 | INFO | watchfiles.main | 1 change detected
2026-09-24 21:58:30,592 | INFO | watchfiles.main | 1 change detected
2026-09-24 21:58:30,999 | INFO | watchfiles.main | 1 change detected
2026-09-24 21:58:31,406 | INFO | watchfiles.main | 1 change detected
2026-09-24 21:58:31,808 | INFO | watchfiles.main | 1 change detected
2026-09-24 21:58:32,216 | INFO | watchfiles.main | 1 change detected
2026-09-24 21:58:32,631 | INFO | watchfiles.main | 1 change detected
2026-09-24 21:58:33,035 | INFO | watchfiles.main | 1 change detected
2026-09-24 21:58:33,438 | INFO | watchfiles.main | 1 change detected
2026-09-24 21:58:33,897 | INFO | watchfiles.main | 1 change detected
2026-09-24 21:58:34,304 | INFO | watchfiles.main | 1 change detected
2026-09-24 21:58:34,708 | INFO | watchfiles.main | 1 change detected
2026-09-24 21:58:35,116 | INFO | watchfiles.main | 1 change detected
2026-09-24 21:58:35,474 | INFO | watchfiles.main | 1 change detected
2026-09-24 21:58:35,881 | INFO | watchfiles.main | 1 change detected
2026-09-24 21:58:36,294 | INFO | watchfiles.main | 1 change detected
2026-09-24 21:58:36,702 | INFO | watchfiles.main | 1 change detected
2026-09-24 21:58:37,109 | INFO | watchfiles.main | 1 change detected
2026-09-24 21:58:37,515 | INFO | watchfiles.main | 1 change detected
2026-09-24 21:58:37,919 | INFO | watchfiles.main | 1 change detected
2026-09-24 21:58:38,325 | INFO | watchfiles.main | 1 change detected
2026-09-24 21:58:38,730 | INFO | watchfiles.main | 1 change detected
2026-09-24 21:58:39,134 | INFO | watchfiles.main | 1 change detected
2026-09-24 21:58:39,538 | INFO | watchfiles.main | 1 change detected
2026-09-24 21:58:39,942 | INFO | watchfiles.main | 1 change detected
2026-09-24 21:58:40,345 | INFO | watchfiles.main | 1 change detected
2026-09-24 21:58:40,750 | INFO | watchfiles.main | 1 change detected
2026-09-24 21:58:41,155 | INFO | watchfiles.main | 1 change detected
2026-09-24 21:58:41,561 | INFO | watchfiles.main | 1 change detected
2026-09-24 21:58:41,963 | INFO | watchfiles.main | 1 change detected
2026-09-24 21:58:42,368 | INFO | watchfiles.main | 1 change detected
2026-09-24 21:58:42,774 | INFO | watchfiles.main | 1 change detected
2026-09-24 21:58:43,179 | INFO | watchfiles.main | 1 change detected
2026-09-24 21:58:43,584 | INFO | watchfiles.main | 1 change detected
2026-09-24 21:58:43,991 | INFO | watchfiles.main | 1 change detected
2026-09-24 21:58:44,399 | INFO | watchfiles.main | 1 change detected
2026-09-24 21:58:44,801 | INFO | watchfiles.main | 1 change detected
2026-09-24 21:58:45,167 | INFO | watchfiles.main | 1 change detected
2026-09-24 21:58:45,573 | INFO | watchfiles.main | 1 change detected
2026-09-24 21:58:45,975 | INFO | watchfiles.main | 1 change detected
2026-09-24 21:58:46,388 | INFO | watchfiles.main | 1 change detected
2026-09-24 21:58:46,796 | INFO | watchfiles.main | 1 change detected
2026-09-24 21:58:47,202 | INFO | watchfiles.main | 1 change detected
2026-09-24 21:58:47,629 | INFO | watchfiles.main | 1 change detected
2026-09-24 21:58:47,992 | INFO | watchfiles.main | 1 change detected
2026-09-24 21:58:48,401 | INFO | watchfiles.main | 1 change detected
2026-09-24 21:58:48,803 | INFO | watchfiles.main | 1 change detected
2026-09-24 21:58:49,206 | INFO | watchfiles.main | 1 change detected
2026-09-24 21:58:49,610 | INFO | watchfiles.main | 1 change detected
2026-09-24 21:58:50,014 | INFO | watchfiles.main | 1 change detected
2026-09-24 21:58:50,419 | INFO | watchfiles.main | 1 change detected
2026-09-24 21:58:50,825 | INFO | watchfiles.main | 1 change detected
2026-09-24 21:58:51,230 | INFO | watchfiles.main | 1 change detected
2026-09-24 21:58:51,633 | INFO | watchfiles.main | 1 change detected
2026-09-24 21:58:52,036 | INFO | watchfiles.main | 1 change detected
2026-09-24 21:58:52,441 | INFO | watchfiles.main | 1 change detected
2026-09-24 21:58:52,858 | INFO | watchfiles.main | 1 change detected
2026-09-24 21:58:53,264 | INFO | watchfiles.main | 1 change detected
2026-09-24 21:58:53,669 | INFO | watchfiles.main | 1 change detected
2026-09-24 21:58:54,076 | INFO | watchfiles.main | 1 change detected
2026-09-24 21:58:54,442 | INFO | watchfiles.main | 1 change detected
2026-09-24 21:58:54,845 | INFO | watchfiles.main | 1 change detected
2026-09-24 21:58:55,251 | INFO | watchfiles.main | 1 change detected
2026-09-24 21:58:55,665 | INFO | watchfiles.main | 1 change detected
2026-09-24 21:58:56,069 | INFO | watchfiles.main | 1 change detected
2026-09-24 21:58:56,477 | INFO | watchfiles.main | 1 change detected
2026-09-24 21:58:56,880 | INFO | watchfiles.main | 1 change detected
2026-09-24 21:58:57,335 | INFO | watchfiles.main | 1 change detected
2026-09-24 21:58:57,747 | INFO | watchfiles.main | 1 change detected
2026-09-24 21:58:58,117 | INFO | watchfiles.main | 1 change detected
2026-09-24 21:58:58,524 | INFO | watchfiles.main | 1 change detected
2026-09-24 21:58:58,929 | INFO | watchfiles.main | 1 change detected
2026-09-24 21:58:59,332 | INFO | watchfiles.main | 1 change detected
2026-09-24 21:58:59,737 | INFO | watchfiles.main | 1 change detected
2026-09-24 21:59:00,142 | INFO | watchfiles.main | 1 change detected
2026-09-24 21:59:00,548 | INFO | watchfiles.main | 1 change detected
2026-09-24 21:59:00,915 | INFO | watchfiles.main | 1 change detected
2026-09-24 21:59:01,324 | INFO | watchfiles.main | 1 change detected
2026-09-24 21:59:01,740 | INFO | watchfiles.main | 1 change detected
2026-09-24 21:59:02,148 | INFO | watchfiles.main | 1 change detected
2026-09-24 21:59:02,565 | INFO | watchfiles.main | 1 change detected
2026-09-24 21:59:02,968 | INFO | watchfiles.main | 1 change detected
2026-09-24 21:59:03,373 | INFO | watchfiles.main | 1 change detected
2026-09-24 21:59:03,782 | INFO | watchfiles.main | 1 change detected
2026-09-24 21:59:04,189 | INFO | watchfiles.main | 1 change detected
2026-09-24 21:59:04,591 | INFO | watchfiles.main | 1 change detected
2026-09-24 21:59:04,993 | INFO | watchfiles.main | 1 change detected
2026-09-24 21:59:05,394 | INFO | watchfiles.main | 1 change detected
2026-09-24 21:59:05,799 | INFO | watchfiles.main | 1 change detected
2026-09-24 21:59:06,200 | INFO | watchfiles.main | 1 change detected
2026-09-24 21:59:06,609 | INFO | watchfiles.main | 1 change detected
2026-09-24 21:59:07,018 | INFO | watchfiles.main | 1 change detected
2026-09-24 21:59:07,421 | INFO | watchfiles.main | 1 change detected
2026-09-24 21:59:07,823 | INFO | watchfiles.main | 1 change detected
2026-09-24 21:59:08,227 | INFO | watchfiles.main | 1 change detected
2026-09-24 21:59:08,586 | INFO | watchfiles.main | 1 change detected
2026-09-24 21:59:08,998 | INFO | watchfiles.main | 1 change detected
2026-09-24 21:59:09,399 | INFO | watchfiles.main | 1 change detected
2026-09-24 21:59:09,804 | INFO | watchfiles.main | 1 change detected
2026-09-24 21:59:10,206 | INFO | watchfiles.main | 1 change detected
2026-09-24 21:59:10,612 | INFO | watchfiles.main | 1 change detected
2026-09-24 21:59:11,016 | INFO | watchfiles.main | 1 change detected
2026-09-24 21:59:11,420 | INFO | watchfiles.main | 1 change detected
2026-09-24 21:59:11,822 | INFO | watchfiles.main | 1 change detected
2026-09-24 21:59:12,231 | INFO | watchfiles.main | 1 change detected
2026-09-24 21:59:12,633 | INFO | watchfiles.main | 1 change detected
2026-09-24 21:59:13,039 | INFO | watchfiles.main | 1 change detected
2026-09-24 21:59:13,443 | INFO | watchfiles.main | 1 change detected
2026-09-24 21:59:13,845 | INFO | watchfiles.main | 1 change detected
2026-09-24 21:59:14,251 | INFO | watchfiles.main | 1 change detected
2026-09-24 21:59:14,656 | INFO | watchfiles.main | 1 change detected
2026-09-24 21:59:15,058 | INFO | watchfiles.main | 1 change detected
2026-09-24 21:59:15,462 | INFO | watchfiles.main | 1 change detected
2026-09-24 21:59:15,866 | INFO | watchfiles.main | 1 change detected
2026-09-24 21:59:16,271 | INFO | watchfiles.main | 1 change detected
2026-09-24 21:59:16,677 | INFO | watchfiles.main | 1 change detected
2026-09-24 21:59:17,083 | INFO | watchfiles.main | 1 change detected
2026-09-24 21:59:17,484 | INFO | watchfiles.main | 1 change detected
2026-09-24 21:59:17,900 | INFO | watchfiles.main | 1 change detected
2026-09-24 21:59:18,305 | INFO | watchfiles.main | 1 change detected
2026-09-24 21:59:18,708 | INFO | watchfiles.main | 1 change detected
2026-09-24 21:59:19,112 | INFO | watchfiles.main | 1 change detected
2026-09-24 21:59:19,527 | INFO | watchfiles.main | 1 change detected
2026-09-24 21:59:19,933 | INFO | watchfiles.main | 1 change detected
2026-09-24 21:59:20,336 | INFO | watchfiles.main | 1 change detected
2026-09-24 21:59:20,738 | INFO | watchfiles.main | 1 change detected
2026-09-24 21:59:21,102 | INFO | watchfiles.main | 1 change detected
2026-09-24 21:59:21,512 | INFO | watchfiles.main | 1 change detected
2026-09-24 21:59:21,914 | INFO | watchfiles.main | 1 change detected
2026-09-24 21:59:22,331 | INFO | watchfiles.main | 1 change detected
2026-09-24 21:59:22,735 | INFO | watchfiles.main | 1 change detected
2026-09-24 21:59:23,139 | INFO | watchfiles.main | 1 change detected
2026-09-24 21:59:23,546 | INFO | watchfiles.main | 1 change detected
2026-09-24 21:59:23,948 | INFO | watchfiles.main | 1 change detected
2026-09-24 21:59:24,353 | INFO | watchfiles.main | 1 change detected
2026-09-24 21:59:24,719 | INFO | watchfiles.main | 1 change detected
2026-09-24 21:59:25,125 | INFO | watchfiles.main | 1 change detected
2026-09-24 21:59:25,531 | INFO | watchfiles.main | 1 change detected
2026-09-24 21:59:25,938 | INFO | watchfiles.main | 1 change detected
2026-09-24 21:59:26,353 | INFO | watchfiles.main | 1 change detected
2026-09-24 21:59:26,758 | INFO | watchfiles.main | 1 change detected
2026-09-24 21:59:27,171 | INFO | watchfiles.main | 1 change detected
2026-09-24 21:59:27,538 | INFO | watchfiles.main | 1 change detected
2026-09-24 21:59:27,943 | INFO | watchfiles.main | 1 change detected
2026-09-24 21:59:28,347 | INFO | watchfiles.main | 1 change detected
2026-09-24 21:59:28,749 | INFO | watchfiles.main | 1 change detected
2026-09-24 21:59:29,154 | INFO | watchfiles.main | 1 change detected
2026-09-24 21:59:29,571 | INFO | watchfiles.main | 1 change detected
2026-09-24 21:59:29,973 | INFO | watchfiles.main | 1 change detected
2026-09-24 21:59:30,380 | INFO | watchfiles.main | 1 change detected
2026-09-24 21:59:30,785 | INFO | watchfiles.main | 1 change detected
2026-09-24 21:59:31,192 | INFO | watchfiles.main | 1 change detected
2026-09-24 21:59:31,610 | INFO | watchfiles.main | 1 change detected
2026-09-24 21:59:32,012 | INFO | watchfiles.main | 1 change detected
2026-09-24 21:59:32,418 | INFO | watchfiles.main | 1 change detected
2026-09-24 21:59:32,823 | INFO | watchfiles.main | 1 change detected
2026-09-24 21:59:33,226 | INFO | watchfiles.main | 1 change detected
2026-09-24 21:59:33,632 | INFO | watchfiles.main | 1 change detected
2026-09-24 21:59:34,039 | INFO | watchfiles.main | 1 change detected
2026-09-24 21:59:34,441 | INFO | watchfiles.main | 1 change detected
2026-09-24 21:59:34,845 | INFO | watchfiles.main | 1 change detected
2026-09-24 21:59:35,249 | INFO | watchfiles.main | 1 change detected
2026-09-24 21:59:35,653 | INFO | watchfiles.main | 1 change detected
2026-09-24 21:59:36,057 | INFO | watchfiles.main | 1 change detected
2026-09-24 21:59:36,461 | INFO | watchfiles.main | 1 change detected
2026-09-24 21:59:36,865 | INFO | watchfiles.main | 1 change detected
2026-09-24 21:59:37,274 | INFO | watchfiles.main | 1 change detected
2026-09-24 21:59:37,639 | INFO | watchfiles.main | 1 change detected
2026-09-24 21:59:38,046 | INFO | watchfiles.main | 1 change detected
2026-09-24 21:59:38,450 | INFO | watchfiles.main | 1 change detected
2026-09-24 21:59:38,858 | INFO | watchfiles.main | 1 change detected
2026-09-24 21:59:39,263 | INFO | watchfiles.main | 1 change detected
2026-09-24 21:59:39,668 | INFO | watchfiles.main | 1 change detected
2026-09-24 21:59:40,083 | INFO | watchfiles.main | 1 change detected
2026-09-24 21:59:40,487 | INFO | watchfiles.main | 1 change detected
2026-09-24 21:59:40,893 | INFO | watchfiles.main | 1 change detected
2026-09-24 21:59:41,300 | INFO | watchfiles.main | 1 change detected
2026-09-24 21:59:41,705 | INFO | watchfiles.main | 1 change detected
2026-09-24 21:59:42,106 | INFO | watchfiles.main | 1 change detected
2026-09-24 21:59:42,509 | INFO | watchfiles.main | 1 change detected
2026-09-24 21:59:42,914 | INFO | watchfiles.main | 1 change detected
2026-09-24 21:59:43,329 | INFO | watchfiles.main | 1 change detected
2026-09-24 21:59:43,682 | INFO | watchfiles.main | 1 change detected
2026-09-24 21:59:44,094 | INFO | watchfiles.main | 1 change detected
2026-09-24 21:59:44,500 | INFO | watchfiles.main | 1 change detected
2026-09-24 21:59:44,905 | INFO | watchfiles.main | 1 change detected
2026-09-24 21:59:45,311 | INFO | watchfiles.main | 1 change detected
2026-09-24 21:59:45,713 | INFO | watchfiles.main | 1 change detected
2026-09-24 21:59:46,118 | INFO | watchfiles.main | 1 change detected
2026-09-24 21:59:46,520 | INFO | watchfiles.main | 1 change detected
2026-09-24 21:59:46,924 | INFO | watchfiles.main | 1 change detected
2026-09-24 21:59:47,327 | INFO | watchfiles.main | 1 change detected
2026-09-24 21:59:47,733 | INFO | watchfiles.main | 1 change detected
2026-09-24 21:59:48,140 | INFO | watchfiles.main | 1 change detected
2026-09-24 21:59:48,548 | INFO | watchfiles.main | 1 change detected
2026-09-24 21:59:48,950 | INFO | watchfiles.main | 1 change detected
2026-09-24 21:59:49,354 | INFO | watchfiles.main | 1 change detected
2026-09-24 21:59:49,759 | INFO | watchfiles.main | 1 change detected
2026-09-24 21:59:50,164 | INFO | watchfiles.main | 1 change detected
2026-09-24 21:59:50,571 | INFO | watchfiles.main | 1 change detected
2026-09-24 21:59:50,930 | INFO | watchfiles.main | 1 change detected
2026-09-24 21:59:51,338 | INFO | watchfiles.main | 1 change detected
2026-09-24 21:59:51,743 | INFO | watchfiles.main | 1 change detected
2026-09-24 21:59:52,148 | INFO | watchfiles.main | 1 change detected
2026-09-24 21:59:52,554 | INFO | watchfiles.main | 1 change detected
2026-09-24 21:59:52,956 | INFO | watchfiles.main | 1 change detected
2026-09-24 21:59:53,360 | INFO | watchfiles.main | 1 change detected
2026-09-24 21:59:53,777 | INFO | watchfiles.main | 1 change detected
2026-09-24 21:59:54,181 | INFO | watchfiles.main | 1 change detected
2026-09-24 21:59:54,586 | INFO | watchfiles.main | 1 change detected
2026-09-24 21:59:54,991 | INFO | watchfiles.main | 1 change detected
2026-09-24 21:59:55,397 | INFO | watchfiles.main | 1 change detected
2026-09-24 21:59:55,801 | INFO | watchfiles.main | 1 change detected
2026-09-24 21:59:56,206 | INFO | watchfiles.main | 1 change detected
2026-09-24 21:59:56,608 | INFO | watchfiles.main | 1 change detected
2026-09-24 21:59:57,013 | INFO | watchfiles.main | 1 change detected
2026-09-24 21:59:57,419 | INFO | watchfiles.main | 1 change detected
2026-09-24 21:59:57,822 | INFO | watchfiles.main | 1 change detected
2026-09-24 21:59:58,231 | INFO | watchfiles.main | 1 change detected
2026-09-24 21:59:58,633 | INFO | watchfiles.main | 1 change detected
2026-09-24 21:59:59,049 | INFO | watchfiles.main | 1 change detected
2026-09-24 21:59:59,419 | INFO | watchfiles.main | 1 change detected
2026-09-24 21:59:59,831 | INFO | watchfiles.main | 1 change detected
2026-09-24 22:00:00,234 | INFO | watchfiles.main | 1 change detected
2026-09-24 22:00:00,638 | INFO | watchfiles.main | 1 change detected
2026-09-24 22:00:01,041 | INFO | watchfiles.main | 1 change detected
2026-09-24 22:00:01,448 | INFO | watchfiles.main | 1 change detected
2026-09-24 22:00:01,864 | INFO | watchfiles.main | 1 change detected
2026-09-24 22:00:02,270 | INFO | watchfiles.main | 1 change detected
2026-09-24 22:00:02,671 | INFO | watchfiles.main | 1 change detected
2026-09-24 22:00:03,077 | INFO | watchfiles.main | 1 change detected
2026-09-24 22:00:03,532 | INFO | watchfiles.main | 1 change detected
2026-09-24 22:00:03,933 | INFO | watchfiles.main | 1 change detected
2026-09-24 22:00:04,339 | INFO | watchfiles.main | 1 change detected
2026-09-24 22:00:04,705 | INFO | watchfiles.main | 1 change detected
2026-09-24 22:00:05,114 | INFO | watchfiles.main | 1 change detected
2026-09-24 22:00:05,517 | INFO | watchfiles.main | 1 change detected
2026-09-24 22:00:05,920 | INFO | watchfiles.main | 1 change detected
2026-09-24 22:00:06,325 | INFO | watchfiles.main | 1 change detected
2026-09-24 22:00:06,727 | INFO | watchfiles.main | 1 change detected
2026-09-24 22:00:07,129 | INFO | watchfiles.main | 1 change detected
2026-09-24 22:00:07,532 | INFO | watchfiles.main | 1 change detected
2026-09-24 22:00:07,939 | INFO | watchfiles.main | 1 change detected
2026-09-24 22:00:08,352 | INFO | watchfiles.main | 1 change detected
2026-09-24 22:00:08,757 | INFO | watchfiles.main | 1 change detected
2026-09-24 22:00:09,160 | INFO | watchfiles.main | 1 change detected
2026-09-24 22:00:09,565 | INFO | watchfiles.main | 1 change detected
2026-09-24 22:00:09,974 | INFO | watchfiles.main | 1 change detected
2026-09-24 22:00:10,377 | INFO | watchfiles.main | 1 change detected
2026-09-24 22:00:10,779 | INFO | watchfiles.main | 1 change detected
2026-09-24 22:00:11,144 | INFO | watchfiles.main | 1 change detected
2026-09-24 22:00:11,545 | INFO | watchfiles.main | 1 change detected
2026-09-24 22:00:11,953 | INFO | watchfiles.main | 1 change detected
2026-09-24 22:00:12,366 | INFO | watchfiles.main | 1 change detected
2026-09-24 22:00:12,772 | INFO | watchfiles.main | 1 change detected
2026-09-24 22:00:13,188 | INFO | watchfiles.main | 1 change detected
2026-09-24 22:00:13,595 | INFO | watchfiles.main | 1 change detected
2026-09-24 22:00:13,999 | INFO | watchfiles.main | 1 change detected
2026-09-24 22:00:14,403 | INFO | watchfiles.main | 1 change detected
2026-09-24 22:00:14,820 | INFO | watchfiles.main | 1 change detected
2026-09-24 22:00:15,225 | INFO | watchfiles.main | 1 change detected
2026-09-24 22:00:15,627 | INFO | watchfiles.main | 1 change detected
2026-09-24 22:00:16,030 | INFO | watchfiles.main | 1 change detected
2026-09-24 22:00:16,434 | INFO | watchfiles.main | 1 change detected
2026-09-24 22:00:16,837 | INFO | watchfiles.main | 1 change detected
2026-09-24 22:00:17,259 | INFO | watchfiles.main | 1 change detected
2026-09-24 22:00:17,623 | INFO | watchfiles.main | 1 change detected
2026-09-24 22:00:18,029 | INFO | watchfiles.main | 1 change detected
2026-09-24 22:00:18,462 | INFO | watchfiles.main | 1 change detected
2026-09-24 22:00:18,827 | INFO | watchfiles.main | 1 change detected
2026-09-24 22:00:19,231 | INFO | watchfiles.main | 1 change detected
2026-09-24 22:00:19,636 | INFO | watchfiles.main | 1 change detected
2026-09-24 22:00:20,037 | INFO | watchfiles.main | 1 change detected
2026-09-24 22:00:20,442 | INFO | watchfiles.main | 1 change detected
2026-09-24 22:00:20,850 | INFO | watchfiles.main | 1 change detected
2026-09-24 22:00:21,259 | INFO | watchfiles.main | 1 change detected
2026-09-24 22:00:21,663 | INFO | watchfiles.main | 1 change detected
2026-09-24 22:00:22,125 | INFO | watchfiles.main | 1 change detected
2026-09-24 22:00:22,484 | INFO | watchfiles.main | 1 change detected
2026-09-24 22:00:22,892 | INFO | watchfiles.main | 1 change detected
2026-09-24 22:00:23,256 | INFO | watchfiles.main | 1 change detected
2026-09-24 22:00:23,664 | INFO | watchfiles.main | 1 change detected
2026-09-24 22:00:24,080 | INFO | watchfiles.main | 1 change detected
2026-09-24 22:00:24,482 | INFO | watchfiles.main | 1 change detected
2026-09-24 22:00:24,897 | INFO | watchfiles.main | 1 change detected
2026-09-24 22:00:25,300 | INFO | watchfiles.main | 1 change detected
2026-09-24 22:00:25,701 | INFO | watchfiles.main | 1 change detected
2026-09-24 22:00:26,118 | INFO | watchfiles.main | 1 change detected
2026-09-24 22:00:26,523 | INFO | watchfiles.main | 1 change detected
2026-09-24 22:00:26,930 | INFO | watchfiles.main | 1 change detected
2026-09-24 22:00:27,335 | INFO | watchfiles.main | 1 change detected
2026-09-24 22:00:27,738 | INFO | watchfiles.main | 1 change detected
2026-09-24 22:00:28,145 | INFO | watchfiles.main | 1 change detected
2026-09-24 22:00:28,548 | INFO | watchfiles.main | 1 change detected
2026-09-24 22:00:28,912 | INFO | watchfiles.main | 1 change detected
2026-09-24 22:00:29,317 | INFO | watchfiles.main | 1 change detected
2026-09-24 22:00:29,783 | INFO | watchfiles.main | 1 change detected
2026-09-24 22:00:30,185 | INFO | watchfiles.main | 1 change detected
2026-09-24 22:00:30,590 | INFO | watchfiles.main | 1 change detected
2026-09-24 22:00:30,993 | INFO | watchfiles.main | 1 change detected
2026-09-24 22:00:31,396 | INFO | watchfiles.main | 1 change detected
2026-09-24 22:00:31,800 | INFO | watchfiles.main | 1 change detected
2026-09-24 22:00:32,203 | INFO | watchfiles.main | 1 change detected
2026-09-24 22:00:32,609 | INFO | watchfiles.main | 1 change detected
2026-09-24 22:00:33,026 | INFO | watchfiles.main | 1 change detected
2026-09-24 22:00:33,428 | INFO | watchfiles.main | 1 change detected
2026-09-24 22:00:33,784 | INFO | watchfiles.main | 1 change detected
2026-09-24 22:00:34,188 | INFO | watchfiles.main | 1 change detected
2026-09-24 22:00:34,591 | INFO | watchfiles.main | 1 change detected
2026-09-24 22:00:34,997 | INFO | watchfiles.main | 1 change detected
2026-09-24 22:00:35,401 | INFO | watchfiles.main | 1 change detected
2026-09-24 22:00:35,816 | INFO | watchfiles.main | 1 change detected
2026-09-24 22:00:36,230 | INFO | watchfiles.main | 1 change detected
2026-09-24 22:00:36,597 | INFO | watchfiles.main | 1 change detected
2026-09-24 22:00:37,012 | INFO | watchfiles.main | 1 change detected
2026-09-24 22:00:37,439 | INFO | watchfiles.main | 1 change detected
2026-09-24 22:00:37,809 | INFO | watchfiles.main | 1 change detected
2026-09-24 22:00:38,223 | INFO | watchfiles.main | 1 change detected
2026-09-24 22:00:38,676 | INFO | watchfiles.main | 1 change detected
2026-09-24 22:00:39,148 | INFO | watchfiles.main | 1 change detected
2026-09-24 22:00:39,505 | INFO | watchfiles.main | 1 change detected
2026-09-24 22:00:39,913 | INFO | watchfiles.main | 1 change detected
2026-09-24 22:00:40,349 | INFO | watchfiles.main | 1 change detected
2026-09-24 22:00:40,760 | INFO | watchfiles.main | 1 change detected
2026-09-24 22:00:41,167 | INFO | watchfiles.main | 1 change detected
2026-09-24 22:00:41,569 | INFO | watchfiles.main | 1 change detected
2026-09-24 22:00:41,972 | INFO | watchfiles.main | 1 change detected
2026-09-24 22:00:42,378 | INFO | watchfiles.main | 1 change detected
2026-09-24 22:00:42,792 | INFO | watchfiles.main | 1 change detected
2026-09-24 22:00:43,197 | INFO | watchfiles.main | 1 change detected
2026-09-24 22:00:43,555 | INFO | watchfiles.main | 1 change detected
2026-09-24 22:00:43,963 | INFO | watchfiles.main | 1 change detected
2026-09-24 22:00:44,364 | INFO | watchfiles.main | 1 change detected
2026-09-24 22:00:44,767 | INFO | watchfiles.main | 1 change detected
2026-09-24 22:00:45,170 | INFO | watchfiles.main | 1 change detected
2026-09-24 22:00:45,578 | INFO | watchfiles.main | 1 change detected
2026-09-24 22:00:45,985 | INFO | watchfiles.main | 1 change detected
2026-09-24 22:00:46,391 | INFO | watchfiles.main | 1 change detected
2026-09-24 22:00:46,795 | INFO | watchfiles.main | 1 change detected
2026-09-24 22:00:47,212 | INFO | watchfiles.main | 1 change detected
2026-09-24 22:00:47,578 | INFO | watchfiles.main | 1 change detected
2026-09-24 22:00:47,987 | INFO | watchfiles.main | 1 change detected
2026-09-24 22:00:48,395 | INFO | watchfiles.main | 1 change detected
2026-09-24 22:00:48,797 | INFO | watchfiles.main | 1 change detected
2026-09-24 22:00:49,203 | INFO | watchfiles.main | 1 change detected
2026-09-24 22:00:49,604 | INFO | watchfiles.main | 1 change detected
2026-09-24 22:00:50,007 | INFO | watchfiles.main | 1 change detected
2026-09-24 22:00:50,414 | INFO | watchfiles.main | 1 change detected
2026-09-24 22:00:50,830 | INFO | watchfiles.main | 1 change detected
2026-09-24 22:00:51,237 | INFO | watchfiles.main | 1 change detected
2026-09-24 22:00:51,640 | INFO | watchfiles.main | 1 change detected
2026-09-24 22:00:52,042 | INFO | watchfiles.main | 1 change detected
2026-09-24 22:00:52,447 | INFO | watchfiles.main | 1 change detected
2026-09-24 22:00:52,849 | INFO | watchfiles.main | 1 change detected
2026-09-24 22:00:53,252 | INFO | watchfiles.main | 1 change detected
2026-09-24 22:00:53,669 | INFO | watchfiles.main | 1 change detected
2026-09-24 22:00:54,071 | INFO | watchfiles.main | 1 change detected
2026-09-24 22:00:54,475 | INFO | watchfiles.main | 1 change detected
2026-09-24 22:00:54,879 | INFO | watchfiles.main | 1 change detected
2026-09-24 22:00:55,286 | INFO | watchfiles.main | 1 change detected
2026-09-24 22:00:55,691 | INFO | watchfiles.main | 1 change detected
2026-09-24 22:00:56,055 | INFO | watchfiles.main | 1 change detected
2026-09-24 22:00:56,499 | INFO | watchfiles.main | 1 change detected
2026-09-24 22:00:56,901 | INFO | watchfiles.main | 1 change detected
2026-09-24 22:00:57,303 | INFO | watchfiles.main | 1 change detected
2026-09-24 22:00:57,706 | INFO | watchfiles.main | 1 change detected
2026-09-24 22:00:58,112 | INFO | watchfiles.main | 1 change detected
2026-09-24 22:00:58,514 | INFO | watchfiles.main | 1 change detected
2026-09-24 22:00:58,928 | INFO | watchfiles.main | 1 change detected
2026-09-24 22:00:59,337 | INFO | watchfiles.main | 1 change detected
2026-09-24 22:00:59,744 | INFO | watchfiles.main | 1 change detected
2026-09-24 22:01:00,149 | INFO | watchfiles.main | 1 change detected
2026-09-24 22:01:00,511 | INFO | watchfiles.main | 1 change detected
2026-09-24 22:01:00,918 | INFO | watchfiles.main | 1 change detected
2026-09-24 22:01:01,322 | INFO | watchfiles.main | 1 change detected
2026-09-24 22:01:01,726 | INFO | watchfiles.main | 1 change detected
2026-09-24 22:01:02,134 | INFO | watchfiles.main | 1 change detected
2026-09-24 22:01:02,542 | INFO | watchfiles.main | 1 change detected
2026-09-24 22:01:02,948 | INFO | watchfiles.main | 1 change detected
2026-09-24 22:01:03,353 | INFO | watchfiles.main | 1 change detected
2026-09-24 22:01:03,779 | INFO | watchfiles.main | 1 change detected
2026-09-24 22:01:04,145 | INFO | watchfiles.main | 1 change detected
2026-09-24 22:01:04,552 | INFO | watchfiles.main | 1 change detected
2026-09-24 22:01:04,954 | INFO | watchfiles.main | 1 change detected
2026-09-24 22:01:05,360 | INFO | watchfiles.main | 1 change detected
2026-09-24 22:01:05,765 | INFO | watchfiles.main | 1 change detected
2026-09-24 22:01:06,174 | INFO | watchfiles.main | 1 change detected
2026-09-24 22:01:06,582 | INFO | watchfiles.main | 1 change detected
2026-09-24 22:01:06,987 | INFO | watchfiles.main | 1 change detected
2026-09-24 22:01:07,389 | INFO | watchfiles.main | 1 change detected
2026-09-24 22:01:07,793 | INFO | watchfiles.main | 1 change detected
2026-09-24 22:01:08,195 | INFO | watchfiles.main | 1 change detected
2026-09-24 22:01:08,599 | INFO | watchfiles.main | 1 change detected
2026-09-24 22:01:09,008 | INFO | watchfiles.main | 1 change detected
2026-09-24 22:01:09,412 | INFO | watchfiles.main | 1 change detected
2026-09-24 22:01:09,814 | INFO | watchfiles.main | 1 change detected
2026-09-24 22:01:10,220 | INFO | watchfiles.main | 1 change detected
2026-09-24 22:01:10,623 | INFO | watchfiles.main | 1 change detected
2026-09-24 22:01:11,026 | INFO | watchfiles.main | 1 change detected
2026-09-24 22:01:11,431 | INFO | watchfiles.main | 1 change detected
2026-09-24 22:01:11,841 | INFO | watchfiles.main | 1 change detected
2026-09-24 22:01:12,255 | INFO | watchfiles.main | 1 change detected
2026-09-24 22:01:12,660 | INFO | watchfiles.main | 1 change detected
2026-09-24 22:01:13,063 | INFO | watchfiles.main | 1 change detected
2026-09-24 22:01:13,467 | INFO | watchfiles.main | 1 change detected
2026-09-24 22:01:13,883 | INFO | watchfiles.main | 1 change detected
2026-09-24 22:01:14,300 | INFO | watchfiles.main | 1 change detected
2026-09-24 22:01:14,710 | INFO | watchfiles.main | 1 change detected
2026-09-24 22:01:15,089 | INFO | watchfiles.main | 1 change detected
2026-09-24 22:01:15,586 | INFO | watchfiles.main | 1 change detected
2026-09-24 22:01:15,944 | INFO | watchfiles.main | 1 change detected
2026-09-24 22:01:16,400 | INFO | watchfiles.main | 1 change detected
2026-09-24 22:01:16,914 | INFO | watchfiles.main | 1 change detected
2026-09-24 22:01:17,321 | INFO | watchfiles.main | 1 change detected
2026-09-24 22:01:17,735 | INFO | watchfiles.main | 1 change detected
2026-09-24 22:01:18,089 | INFO | watchfiles.main | 1 change detected
2026-09-24 22:01:18,498 | INFO | watchfiles.main | 1 change detected
2026-09-24 22:01:18,901 | INFO | watchfiles.main | 1 change detected
2026-09-24 22:01:19,318 | INFO | watchfiles.main | 1 change detected
2026-09-24 22:01:19,732 | INFO | watchfiles.main | 1 change detected
2026-09-24 22:01:20,097 | INFO | watchfiles.main | 1 change detected
2026-09-24 22:01:20,505 | INFO | watchfiles.main | 1 change detected
2026-09-24 22:01:20,923 | INFO | watchfiles.main | 1 change detected
2026-09-24 22:01:21,327 | INFO | watchfiles.main | 1 change detected
2026-09-24 22:01:21,729 | INFO | watchfiles.main | 1 change detected
2026-09-24 22:01:22,132 | INFO | watchfiles.main | 1 change detected
2026-09-24 22:01:22,537 | INFO | watchfiles.main | 1 change detected
2026-09-24 22:01:22,940 | INFO | watchfiles.main | 1 change detected
2026-09-24 22:01:23,344 | INFO | watchfiles.main | 1 change detected
2026-09-24 22:01:23,747 | INFO | watchfiles.main | 1 change detected
2026-09-24 22:01:24,152 | INFO | watchfiles.main | 1 change detected
2026-09-24 22:01:24,555 | INFO | watchfiles.main | 1 change detected
2026-09-24 22:01:24,963 | INFO | watchfiles.main | 1 change detected
2026-09-24 22:01:25,327 | INFO | watchfiles.main | 1 change detected
2026-09-24 22:01:25,738 | INFO | watchfiles.main | 1 change detected
2026-09-24 22:01:26,145 | INFO | watchfiles.main | 1 change detected
2026-09-24 22:01:26,549 | INFO | watchfiles.main | 1 change detected
2026-09-24 22:01:26,951 | INFO | watchfiles.main | 1 change detected
2026-09-24 22:01:27,353 | INFO | watchfiles.main | 1 change detected
2026-09-24 22:01:27,757 | INFO | watchfiles.main | 1 change detected
2026-09-24 22:01:28,173 | INFO | watchfiles.main | 1 change detected
2026-09-24 22:01:28,589 | INFO | watchfiles.main | 1 change detected
2026-09-24 22:01:28,993 | INFO | watchfiles.main | 1 change detected
2026-09-24 22:01:29,397 | INFO | watchfiles.main | 1 change detected
2026-09-24 22:01:29,802 | INFO | watchfiles.main | 1 change detected
2026-09-24 22:01:30,207 | INFO | watchfiles.main | 1 change detected
2026-09-24 22:01:30,610 | INFO | watchfiles.main | 1 change detected
2026-09-24 22:01:31,011 | INFO | watchfiles.main | 1 change detected
2026-09-24 22:01:31,377 | INFO | watchfiles.main | 1 change detected
2026-09-24 22:01:31,782 | INFO | watchfiles.main | 1 change detected
2026-09-24 22:01:32,185 | INFO | watchfiles.main | 1 change detected
2026-09-24 22:01:32,602 | INFO | watchfiles.main | 1 change detected
2026-09-24 22:01:33,019 | INFO | watchfiles.main | 1 change detected
2026-09-24 22:01:33,422 | INFO | watchfiles.main | 1 change detected
2026-09-24 22:01:33,831 | INFO | watchfiles.main | 1 change detected
2026-09-24 22:01:34,234 | INFO | watchfiles.main | 1 change detected
2026-09-24 22:01:34,639 | INFO | watchfiles.main | 1 change detected
2026-09-24 22:01:35,054 | INFO | watchfiles.main | 1 change detected
2026-09-24 22:01:35,419 | INFO | watchfiles.main | 1 change detected
2026-09-24 22:01:35,829 | INFO | watchfiles.main | 1 change detected
2026-09-24 22:01:36,238 | INFO | watchfiles.main | 1 change detected
2026-09-24 22:01:36,641 | INFO | watchfiles.main | 1 change detected
2026-09-24 22:01:37,047 | INFO | watchfiles.main | 1 change detected
2026-09-24 22:01:37,452 | INFO | watchfiles.main | 1 change detected
2026-09-24 22:01:37,857 | INFO | watchfiles.main | 1 change detected
2026-09-24 22:01:38,261 | INFO | watchfiles.main | 1 change detected
2026-09-24 22:01:38,665 | INFO | watchfiles.main | 1 change detected
2026-09-24 22:01:39,069 | INFO | watchfiles.main | 1 change detected
2026-09-24 22:01:39,479 | INFO | watchfiles.main | 1 change detected
2026-09-24 22:01:39,887 | INFO | watchfiles.main | 1 change detected
2026-09-24 22:01:40,299 | INFO | watchfiles.main | 1 change detected
2026-09-24 22:01:40,665 | INFO | watchfiles.main | 1 change detected
2026-09-24 22:01:41,073 | INFO | watchfiles.main | 1 change detected
2026-09-24 22:01:41,474 | INFO | watchfiles.main | 1 change detected
2026-09-24 22:01:41,881 | INFO | watchfiles.main | 1 change detected
2026-09-24 22:01:42,320 | INFO | watchfiles.main | 1 change detected
2026-09-24 22:01:42,678 | INFO | watchfiles.main | 1 change detected
2026-09-24 22:01:43,084 | INFO | watchfiles.main | 1 change detected
2026-09-24 22:01:43,500 | INFO | watchfiles.main | 1 change detected
2026-09-24 22:01:43,916 | INFO | watchfiles.main | 1 change detected
2026-09-24 22:01:44,320 | INFO | watchfiles.main | 1 change detected
2026-09-24 22:01:44,722 | INFO | watchfiles.main | 1 change detected
2026-09-24 22:01:45,125 | INFO | watchfiles.main | 1 change detected
2026-09-24 22:01:45,529 | INFO | watchfiles.main | 1 change detected
2026-09-24 22:01:45,946 | INFO | watchfiles.main | 1 change detected
2026-09-24 22:01:46,300 | INFO | watchfiles.main | 1 change detected
2026-09-24 22:01:46,710 | INFO | watchfiles.main | 1 change detected
2026-09-24 22:01:47,113 | INFO | watchfiles.main | 1 change detected
2026-09-24 22:01:47,529 | INFO | watchfiles.main | 1 change detected
2026-09-24 22:01:47,936 | INFO | watchfiles.main | 1 change detected
2026-09-24 22:01:48,352 | INFO | watchfiles.main | 1 change detected
2026-09-24 22:01:48,755 | INFO | watchfiles.main | 1 change detected
2026-09-24 22:01:49,159 | INFO | watchfiles.main | 1 change detected
2026-09-24 22:01:49,523 | INFO | watchfiles.main | 1 change detected
2026-09-24 22:01:49,933 | INFO | watchfiles.main | 1 change detected
2026-09-24 22:01:50,350 | INFO | watchfiles.main | 1 change detected
2026-09-24 22:01:50,756 | INFO | watchfiles.main | 1 change detected
2026-09-24 22:01:51,160 | INFO | watchfiles.main | 1 change detected
2026-09-24 22:01:51,602 | INFO | watchfiles.main | 1 change detected
2026-09-24 22:01:51,960 | INFO | watchfiles.main | 1 change detected
2026-09-24 22:01:52,371 | INFO | watchfiles.main | 1 change detected
2026-09-24 22:01:52,774 | INFO | watchfiles.main | 1 change detected
2026-09-24 22:01:53,182 | INFO | watchfiles.main | 1 change detected
2026-09-24 22:01:53,595 | INFO | watchfiles.main | 1 change detected
2026-09-24 22:01:54,001 | INFO | watchfiles.main | 1 change detected
2026-09-24 22:01:54,408 | INFO | watchfiles.main | 1 change detected
2026-09-24 22:01:54,810 | INFO | watchfiles.main | 1 change detected
2026-09-24 22:01:55,214 | INFO | watchfiles.main | 1 change detected
2026-09-24 22:01:55,619 | INFO | watchfiles.main | 1 change detected
2026-09-24 22:01:56,024 | INFO | watchfiles.main | 1 change detected
2026-09-24 22:01:56,425 | INFO | watchfiles.main | 1 change detected
2026-09-24 22:01:56,830 | INFO | watchfiles.main | 1 change detected
2026-09-24 22:01:57,234 | INFO | watchfiles.main | 1 change detected
2026-09-24 22:01:57,638 | INFO | watchfiles.main | 1 change detected
2026-09-24 22:01:58,044 | INFO | watchfiles.main | 1 change detected
2026-09-24 22:01:58,449 | INFO | watchfiles.main | 1 change detected
2026-09-24 22:01:58,906 | INFO | watchfiles.main | 1 change detected
2026-09-24 22:01:59,310 | INFO | watchfiles.main | 1 change detected
2026-09-24 22:01:59,714 | INFO | watchfiles.main | 1 change detected
2026-09-24 22:02:00,117 | INFO | watchfiles.main | 1 change detected
2026-09-24 22:02:00,524 | INFO | watchfiles.main | 1 change detected
2026-09-24 22:02:00,931 | INFO | watchfiles.main | 1 change detected
2026-09-24 22:02:01,338 | INFO | watchfiles.main | 1 change detected
2026-09-24 22:02:01,742 | INFO | watchfiles.main | 1 change detected
2026-09-24 22:02:02,147 | INFO | watchfiles.main | 1 change detected
2026-09-24 22:02:02,550 | INFO | watchfiles.main | 1 change detected
2026-09-24 22:02:02,962 | INFO | watchfiles.main | 1 change detected
2026-09-24 22:02:03,366 | INFO | watchfiles.main | 1 change detected
2026-09-24 22:02:03,768 | INFO | watchfiles.main | 1 change detected
2026-09-24 22:02:04,173 | INFO | watchfiles.main | 1 change detected
2026-09-24 22:02:04,574 | INFO | watchfiles.main | 1 change detected
2026-09-24 22:02:04,978 | INFO | watchfiles.main | 1 change detected
2026-09-24 22:02:05,394 | INFO | watchfiles.main | 1 change detected
2026-09-24 22:02:05,796 | INFO | watchfiles.main | 1 change detected
2026-09-24 22:02:06,203 | INFO | watchfiles.main | 1 change detected
2026-09-24 22:02:06,606 | INFO | watchfiles.main | 1 change detected
2026-09-24 22:02:07,011 | INFO | watchfiles.main | 1 change detected
2026-09-24 22:02:07,415 | INFO | watchfiles.main | 1 change detected
2026-09-24 22:02:07,821 | INFO | watchfiles.main | 1 change detected
2026-09-24 22:02:08,227 | INFO | watchfiles.main | 1 change detected
2026-09-24 22:02:08,664 | INFO | watchfiles.main | 1 change detected
2026-09-24 22:02:09,067 | INFO | watchfiles.main | 1 change detected
2026-09-24 22:02:09,469 | INFO | watchfiles.main | 1 change detected
2026-09-24 22:02:09,875 | INFO | watchfiles.main | 1 change detected
2026-09-24 22:02:10,278 | INFO | watchfiles.main | 1 change detected
2026-09-24 22:02:10,682 | INFO | watchfiles.main | 1 change detected
2026-09-24 22:02:11,087 | INFO | watchfiles.main | 1 change detected
2026-09-24 22:02:11,492 | INFO | watchfiles.main | 1 change detected
2026-09-24 22:02:11,895 | INFO | watchfiles.main | 1 change detected
2026-09-24 22:02:12,301 | INFO | watchfiles.main | 1 change detected
2026-09-24 22:02:12,706 | INFO | watchfiles.main | 1 change detected
2026-09-24 22:02:13,108 | INFO | watchfiles.main | 1 change detected
2026-09-24 22:02:13,512 | INFO | watchfiles.main | 1 change detected
2026-09-24 22:02:13,879 | INFO | watchfiles.main | 1 change detected
2026-09-24 22:02:14,287 | INFO | watchfiles.main | 1 change detected
2026-09-24 22:02:14,690 | INFO | watchfiles.main | 1 change detected
2026-09-24 22:02:15,143 | INFO | watchfiles.main | 1 change detected
2026-09-24 22:02:15,545 | INFO | watchfiles.main | 1 change detected
2026-09-24 22:02:15,950 | INFO | watchfiles.main | 1 change detected
2026-09-24 22:02:16,357 | INFO | watchfiles.main | 1 change detected
2026-09-24 22:02:16,762 | INFO | watchfiles.main | 1 change detected
2026-09-24 22:02:17,184 | INFO | watchfiles.main | 1 change detected
2026-09-24 22:02:17,592 | INFO | watchfiles.main | 1 change detected
2026-09-24 22:02:17,998 | INFO | watchfiles.main | 1 change detected
2026-09-24 22:02:18,400 | INFO | watchfiles.main | 1 change detected
2026-09-24 22:02:18,817 | INFO | watchfiles.main | 1 change detected
2026-09-24 22:02:19,220 | INFO | watchfiles.main | 1 change detected
2026-09-24 22:02:19,622 | INFO | watchfiles.main | 1 change detected
2026-09-24 22:02:20,034 | INFO | watchfiles.main | 1 change detected
2026-09-24 22:02:20,435 | INFO | watchfiles.main | 1 change detected
2026-09-24 22:02:20,801 | INFO | watchfiles.main | 1 change detected
2026-09-24 22:02:21,229 | INFO | watchfiles.main | 1 change detected
2026-09-24 22:02:21,641 | INFO | watchfiles.main | 1 change detected
2026-09-24 22:02:22,042 | INFO | watchfiles.main | 1 change detected
2026-09-24 22:02:22,446 | INFO | watchfiles.main | 1 change detected
2026-09-24 22:02:22,857 | INFO | watchfiles.main | 1 change detected
2026-09-24 22:02:23,274 | INFO | watchfiles.main | 1 change detected
2026-09-24 22:02:23,689 | INFO | watchfiles.main | 1 change detected
2026-09-24 22:02:24,092 | INFO | watchfiles.main | 1 change detected
2026-09-24 22:02:24,458 | INFO | watchfiles.main | 1 change detected
2026-09-24 22:02:24,871 | INFO | watchfiles.main | 1 change detected
2026-09-24 22:02:25,276 | INFO | watchfiles.main | 1 change detected
2026-09-24 22:02:25,677 | INFO | watchfiles.main | 1 change detected
2026-09-24 22:02:26,094 | INFO | watchfiles.main | 1 change detected
2026-09-24 22:02:26,500 | INFO | watchfiles.main | 1 change detected
2026-09-24 22:02:26,904 | INFO | watchfiles.main | 1 change detected
2026-09-24 22:02:27,311 | INFO | watchfiles.main | 1 change detected
2026-09-24 22:02:27,727 | INFO | watchfiles.main | 1 change detected
2026-09-24 22:02:28,132 | INFO | watchfiles.main | 1 change detected
2026-09-24 22:02:28,539 | INFO | watchfiles.main | 1 change detected
2026-09-24 22:02:28,942 | INFO | watchfiles.main | 1 change detected
2026-09-24 22:02:29,359 | INFO | watchfiles.main | 1 change detected
2026-09-24 22:02:29,713 | INFO | watchfiles.main | 1 change detected
2026-09-24 22:02:30,120 | INFO | watchfiles.main | 1 change detected
2026-09-24 22:02:30,522 | INFO | watchfiles.main | 1 change detected
2026-09-24 22:02:30,929 | INFO | watchfiles.main | 1 change detected
2026-09-24 22:02:31,332 | INFO | watchfiles.main | 1 change detected
2026-09-24 22:02:31,735 | INFO | watchfiles.main | 1 change detected
2026-09-24 22:02:32,139 | INFO | watchfiles.main | 1 change detected
2026-09-24 22:02:32,544 | INFO | watchfiles.main | 1 change detected
2026-09-24 22:02:32,948 | INFO | watchfiles.main | 1 change detected
2026-09-24 22:02:33,353 | INFO | watchfiles.main | 1 change detected
2026-09-24 22:02:33,758 | INFO | watchfiles.main | 1 change detected
2026-09-24 22:02:34,190 | INFO | watchfiles.main | 1 change detected
2026-09-24 22:02:34,594 | INFO | watchfiles.main | 1 change detected
2026-09-24 22:02:34,999 | INFO | watchfiles.main | 1 change detected
2026-09-24 22:02:35,404 | INFO | watchfiles.main | 1 change detected
2026-09-24 22:02:35,808 | INFO | watchfiles.main | 1 change detected
2026-09-24 22:02:36,263 | INFO | watchfiles.main | 1 change detected
2026-09-24 22:02:36,665 | INFO | watchfiles.main | 1 change detected
2026-09-24 22:02:37,081 | INFO | watchfiles.main | 1 change detected
2026-09-24 22:02:37,482 | INFO | watchfiles.main | 1 change detected
2026-09-24 22:02:37,887 | INFO | watchfiles.main | 1 change detected
2026-09-24 22:02:38,295 | INFO | watchfiles.main | 1 change detected
2026-09-24 22:02:38,697 | INFO | watchfiles.main | 1 change detected
2026-09-24 22:02:39,064 | INFO | watchfiles.main | 1 change detected
2026-09-24 22:02:39,470 | INFO | watchfiles.main | 1 change detected
2026-09-24 22:02:39,877 | INFO | watchfiles.main | 1 change detected
2026-09-24 22:02:40,279 | INFO | watchfiles.main | 1 change detected
2026-09-24 22:02:40,685 | INFO | watchfiles.main | 1 change detected
2026-09-24 22:02:41,089 | INFO | watchfiles.main | 1 change detected
2026-09-24 22:02:41,492 | INFO | watchfiles.main | 1 change detected
2026-09-24 22:02:41,896 | INFO | watchfiles.main | 1 change detected
2026-09-24 22:02:42,302 | INFO | watchfiles.main | 1 change detected
2026-09-24 22:02:42,708 | INFO | watchfiles.main | 1 change detected
2026-09-24 22:02:43,110 | INFO | watchfiles.main | 1 change detected
2026-09-24 22:02:43,513 | INFO | watchfiles.main | 1 change detected
2026-09-24 22:02:43,919 | INFO | watchfiles.main | 1 change detected
2026-09-24 22:02:44,335 | INFO | watchfiles.main | 1 change detected
2026-09-24 22:02:44,738 | INFO | watchfiles.main | 1 change detected
2026-09-24 22:02:45,140 | INFO | watchfiles.main | 1 change detected
2026-09-24 22:02:45,554 | INFO | watchfiles.main | 1 change detected
2026-09-24 22:02:45,961 | INFO | watchfiles.main | 1 change detected
2026-09-24 22:02:46,368 | INFO | watchfiles.main | 1 change detected
2026-09-24 22:02:46,735 | INFO | watchfiles.main | 1 change detected
2026-09-24 22:02:47,145 | INFO | watchfiles.main | 1 change detected
2026-09-24 22:02:47,551 | INFO | watchfiles.main | 1 change detected
2026-09-24 22:02:47,968 | INFO | watchfiles.main | 1 change detected
2026-09-24 22:02:48,373 | INFO | watchfiles.main | 1 change detected
2026-09-24 22:02:48,785 | INFO | watchfiles.main | 1 change detected
2026-09-24 22:02:49,190 | INFO | watchfiles.main | 1 change detected
2026-09-24 22:02:49,596 | INFO | watchfiles.main | 1 change detected
2026-09-24 22:02:50,001 | INFO | watchfiles.main | 1 change detected
2026-09-24 22:02:50,417 | INFO | watchfiles.main | 1 change detected
2026-09-24 22:02:50,822 | INFO | watchfiles.main | 1 change detected
2026-09-24 22:02:51,224 | INFO | watchfiles.main | 1 change detected
2026-09-24 22:02:51,626 | INFO | watchfiles.main | 1 change detected
2026-09-24 22:02:51,984 | INFO | watchfiles.main | 1 change detected
2026-09-24 22:02:52,393 | INFO | watchfiles.main | 1 change detected
2026-09-24 22:02:52,797 | INFO | watchfiles.main | 1 change detected
2026-09-24 22:02:53,204 | INFO | watchfiles.main | 1 change detected
2026-09-24 22:02:53,608 | INFO | watchfiles.main | 1 change detected
2026-09-24 22:02:54,024 | INFO | watchfiles.main | 1 change detected
2026-09-24 22:02:54,432 | INFO | watchfiles.main | 1 change detected
2026-09-24 22:02:54,837 | INFO | watchfiles.main | 1 change detected
2026-09-24 22:02:55,242 | INFO | watchfiles.main | 1 change detected
2026-09-24 22:02:55,658 | INFO | watchfiles.main | 1 change detected
2026-09-24 22:02:56,064 | INFO | watchfiles.main | 1 change detected
2026-09-24 22:02:56,469 | INFO | watchfiles.main | 1 change detected
2026-09-24 22:02:56,870 | INFO | watchfiles.main | 1 change detected
2026-09-24 22:02:57,276 | INFO | watchfiles.main | 1 change detected
2026-09-24 22:02:57,683 | INFO | watchfiles.main | 1 change detected
2026-09-24 22:02:58,086 | INFO | watchfiles.main | 1 change detected
2026-09-24 22:02:58,490 | INFO | watchfiles.main | 1 change detected
2026-09-24 22:02:58,895 | INFO | watchfiles.main | 1 change detected
2026-09-24 22:02:59,312 | INFO | watchfiles.main | 1 change detected
2026-09-24 22:02:59,716 | INFO | watchfiles.main | 1 change detected
2026-09-24 22:03:00,119 | INFO | watchfiles.main | 1 change detected
2026-09-24 22:03:00,524 | INFO | watchfiles.main | 1 change detected
2026-09-24 22:03:00,928 | INFO | watchfiles.main | 1 change detected
2026-09-24 22:03:01,333 | INFO | watchfiles.main | 1 change detected
2026-09-24 22:03:01,733 | INFO | watchfiles.main | 1 change detected
2026-09-24 22:03:02,239 | INFO | watchfiles.main | 1 change detected
2026-09-24 22:03:02,654 | INFO | watchfiles.main | 1 change detected
2026-09-24 22:03:03,061 | INFO | watchfiles.main | 1 change detected
2026-09-24 22:03:03,467 | INFO | watchfiles.main | 1 change detected
2026-09-24 22:03:03,869 | INFO | watchfiles.main | 1 change detected
2026-09-24 22:03:04,274 | INFO | watchfiles.main | 1 change detected
2026-09-24 22:03:04,679 | INFO | watchfiles.main | 1 change detected
2026-09-24 22:03:05,084 | INFO | watchfiles.main | 1 change detected
2026-09-24 22:03:05,490 | INFO | watchfiles.main | 1 change detected
2026-09-24 22:03:05,904 | INFO | watchfiles.main | 1 change detected
2026-09-24 22:03:06,308 | INFO | watchfiles.main | 1 change detected
2026-09-24 22:03:06,714 | INFO | watchfiles.main | 1 change detected
2026-09-24 22:03:07,119 | INFO | watchfiles.main | 1 change detected
2026-09-24 22:03:07,521 | INFO | watchfiles.main | 1 change detected
2026-09-24 22:03:07,923 | INFO | watchfiles.main | 1 change detected
2026-09-24 22:03:08,325 | INFO | watchfiles.main | 1 change detected
2026-09-24 22:03:08,692 | INFO | watchfiles.main | 1 change detected
2026-09-24 22:03:09,100 | INFO | watchfiles.main | 1 change detected
2026-09-24 22:03:09,517 | INFO | watchfiles.main | 1 change detected
2026-09-24 22:03:09,925 | INFO | watchfiles.main | 1 change detected
2026-09-24 22:03:10,329 | INFO | watchfiles.main | 1 change detected
2026-09-24 22:03:10,732 | INFO | watchfiles.main | 1 change detected
2026-09-24 22:03:11,140 | INFO | watchfiles.main | 1 change detected
2026-09-24 22:03:11,550 | INFO | watchfiles.main | 1 change detected
2026-09-24 22:03:11,958 | INFO | watchfiles.main | 1 change detected
2026-09-24 22:03:12,325 | INFO | watchfiles.main | 1 change detected
2026-09-24 22:03:12,730 | INFO | watchfiles.main | 1 change detected
2026-09-24 22:03:13,132 | INFO | watchfiles.main | 1 change detected
2026-09-24 22:03:13,539 | INFO | watchfiles.main | 1 change detected
2026-09-24 22:03:13,941 | INFO | watchfiles.main | 1 change detected
2026-09-24 22:03:14,343 | INFO | watchfiles.main | 1 change detected
2026-09-24 22:03:14,750 | INFO | watchfiles.main | 1 change detected
2026-09-24 22:03:15,153 | INFO | watchfiles.main | 1 change detected
2026-09-24 22:03:15,557 | INFO | watchfiles.main | 1 change detected
2026-09-24 22:03:16,013 | INFO | watchfiles.main | 1 change detected
2026-09-24 22:03:16,427 | INFO | watchfiles.main | 1 change detected
2026-09-24 22:03:16,844 | INFO | watchfiles.main | 1 change detected
2026-09-24 22:03:17,210 | INFO | watchfiles.main | 1 change detected
2026-09-24 22:03:17,615 | INFO | watchfiles.main | 1 change detected
2026-09-24 22:03:18,031 | INFO | watchfiles.main | 1 change detected
2026-09-24 22:03:18,448 | INFO | watchfiles.main | 1 change detected
2026-09-24 22:03:18,814 | INFO | watchfiles.main | 1 change detected
2026-09-24 22:03:19,222 | INFO | watchfiles.main | 1 change detected
2026-09-24 22:03:19,625 | INFO | watchfiles.main | 1 change detected
2026-09-24 22:03:20,033 | INFO | watchfiles.main | 1 change detected
2026-09-24 22:03:20,435 | INFO | watchfiles.main | 1 change detected
2026-09-24 22:03:20,852 | INFO | watchfiles.main | 1 change detected
2026-09-24 22:03:21,259 | INFO | watchfiles.main | 1 change detected
2026-09-24 22:03:21,666 | INFO | watchfiles.main | 1 change detected
2026-09-24 22:03:22,070 | INFO | watchfiles.main | 1 change detected
2026-09-24 22:03:22,474 | INFO | watchfiles.main | 1 change detected
2026-09-24 22:03:22,877 | INFO | watchfiles.main | 1 change detected
2026-09-24 22:03:23,230 | INFO | watchfiles.main | 1 change detected
2026-09-24 22:03:23,673 | INFO | watchfiles.main | 1 change detected
2026-09-24 22:03:24,110 | INFO | watchfiles.main | 1 change detected
2026-09-24 22:03:24,511 | INFO | watchfiles.main | 1 change detected
2026-09-24 22:03:24,915 | INFO | watchfiles.main | 1 change detected
2026-09-24 22:03:25,321 | INFO | watchfiles.main | 1 change detected
2026-09-24 22:03:26,040 | INFO | watchfiles.main | 1 change detected
2026-09-24 22:03:26,451 | INFO | watchfiles.main | 1 change detected
2026-09-24 22:03:26,904 | INFO | watchfiles.main | 1 change detected
2026-09-24 22:03:27,267 | INFO | watchfiles.main | 1 change detected
2026-09-24 22:03:27,676 | INFO | watchfiles.main | 1 change detected
2026-09-24 22:03:28,093 | INFO | watchfiles.main | 1 change detected
2026-09-24 22:03:28,453 | INFO | watchfiles.main | 1 change detected
2026-09-24 22:03:28,958 | INFO | watchfiles.main | 1 change detected
2026-09-24 22:03:29,316 | INFO | watchfiles.main | 1 change detected
2026-09-24 22:03:29,724 | INFO | watchfiles.main | 1 change detected
2026-09-24 22:03:30,129 | INFO | watchfiles.main | 1 change detected
2026-09-24 22:03:30,535 | INFO | watchfiles.main | 1 change detected
2026-09-24 22:03:30,951 | INFO | watchfiles.main | 1 change detected
2026-09-24 22:03:31,355 | INFO | watchfiles.main | 1 change detected
2026-09-24 22:03:31,764 | INFO | watchfiles.main | 1 change detected
2026-09-24 22:03:32,176 | INFO | watchfiles.main | 1 change detected
2026-09-24 22:03:32,579 | INFO | watchfiles.main | 1 change detected
2026-09-24 22:03:32,984 | INFO | watchfiles.main | 1 change detected
2026-09-24 22:03:33,389 | INFO | watchfiles.main | 1 change detected
2026-09-24 22:03:33,808 | INFO | watchfiles.main | 1 change detected
2026-09-24 22:03:34,161 | INFO | watchfiles.main | 1 change detected
2026-09-24 22:03:34,566 | INFO | watchfiles.main | 1 change detected
2026-09-24 22:03:34,970 | INFO | watchfiles.main | 1 change detected
2026-09-24 22:03:35,374 | INFO | watchfiles.main | 1 change detected
2026-09-24 22:03:35,788 | INFO | watchfiles.main | 1 change detected
2026-09-24 22:03:36,193 | INFO | watchfiles.main | 1 change detected
2026-09-24 22:03:36,596 | INFO | watchfiles.main | 1 change detected
2026-09-24 22:03:36,998 | INFO | watchfiles.main | 1 change detected
2026-09-24 22:03:37,400 | INFO | watchfiles.main | 1 change detected
2026-09-24 22:03:37,805 | INFO | watchfiles.main | 1 change detected
2026-09-24 22:03:38,220 | INFO | watchfiles.main | 1 change detected
2026-09-24 22:03:38,585 | INFO | watchfiles.main | 1 change detected
2026-09-24 22:03:38,990 | INFO | watchfiles.main | 1 change detected
2026-09-24 22:03:39,395 | INFO | watchfiles.main | 1 change detected
2026-09-24 22:03:39,802 | INFO | watchfiles.main | 1 change detected
2026-09-24 22:03:40,207 | INFO | watchfiles.main | 1 change detected
2026-09-24 22:03:40,608 | INFO | watchfiles.main | 1 change detected
2026-09-24 22:03:41,011 | INFO | watchfiles.main | 1 change detected
2026-09-24 22:03:41,420 | INFO | watchfiles.main | 1 change detected
2026-09-24 22:03:41,835 | INFO | watchfiles.main | 1 change detected
2026-09-24 22:03:42,241 | INFO | watchfiles.main | 1 change detected
2026-09-24 22:03:42,650 | INFO | watchfiles.main | 1 change detected
2026-09-24 22:03:43,067 | INFO | watchfiles.main | 1 change detected
2026-09-24 22:03:43,473 | INFO | watchfiles.main | 1 change detected
2026-09-24 22:03:43,874 | INFO | watchfiles.main | 1 change detected
2026-09-24 22:03:44,277 | INFO | watchfiles.main | 1 change detected
2026-09-24 22:03:44,682 | INFO | watchfiles.main | 1 change detected
2026-09-24 22:03:45,094 | INFO | watchfiles.main | 1 change detected
2026-09-24 22:03:45,500 | INFO | watchfiles.main | 1 change detected
2026-09-24 22:03:45,910 | INFO | watchfiles.main | 1 change detected
2026-09-24 22:03:46,316 | INFO | watchfiles.main | 1 change detected
2026-09-24 22:03:46,732 | INFO | watchfiles.main | 1 change detected
2026-09-24 22:03:47,099 | INFO | watchfiles.main | 1 change detected
2026-09-24 22:03:47,509 | INFO | watchfiles.main | 1 change detected
2026-09-24 22:03:47,912 | INFO | watchfiles.main | 1 change detected
2026-09-24 22:03:48,317 | INFO | watchfiles.main | 1 change detected
2026-09-24 22:03:48,734 | INFO | watchfiles.main | 1 change detected
2026-09-24 22:03:49,135 | INFO | watchfiles.main | 1 change detected
2026-09-24 22:03:49,541 | INFO | watchfiles.main | 1 change detected
2026-09-24 22:03:49,957 | INFO | watchfiles.main | 1 change detected
2026-09-24 22:03:50,359 | INFO | watchfiles.main | 1 change detected
2026-09-24 22:03:50,762 | INFO | watchfiles.main | 1 change detected
2026-09-24 22:03:51,128 | INFO | watchfiles.main | 1 change detected
2026-09-24 22:03:51,536 | INFO | watchfiles.main | 1 change detected
2026-09-24 22:03:51,942 | INFO | watchfiles.main | 1 change detected
2026-09-24 22:03:52,354 | INFO | watchfiles.main | 1 change detected
2026-09-24 22:03:52,765 | INFO | watchfiles.main | 1 change detected
2026-09-24 22:03:53,169 | INFO | watchfiles.main | 1 change detected
2026-09-24 22:03:53,585 | INFO | watchfiles.main | 1 change detected
2026-09-24 22:03:53,991 | INFO | watchfiles.main | 1 change detected
2026-09-24 22:03:54,357 | INFO | watchfiles.main | 1 change detected
2026-09-24 22:03:54,768 | INFO | watchfiles.main | 1 change detected
2026-09-24 22:03:55,173 | INFO | watchfiles.main | 1 change detected
2026-09-24 22:03:55,579 | INFO | watchfiles.main | 1 change detected
2026-09-24 22:03:55,982 | INFO | watchfiles.main | 1 change detected
2026-09-24 22:03:56,385 | INFO | watchfiles.main | 1 change detected
2026-09-24 22:03:56,787 | INFO | watchfiles.main | 1 change detected
2026-09-24 22:03:57,205 | INFO | watchfiles.main | 1 change detected
2026-09-24 22:03:57,609 | INFO | watchfiles.main | 1 change detected
2026-09-24 22:03:58,023 | INFO | watchfiles.main | 1 change detected
2026-09-24 22:03:58,439 | INFO | watchfiles.main | 1 change detected
2026-09-24 22:03:58,793 | INFO | watchfiles.main | 1 change detected
2026-09-24 22:03:59,201 | INFO | watchfiles.main | 1 change detected
2026-09-24 22:03:59,604 | INFO | watchfiles.main | 1 change detected
2026-09-24 22:04:00,009 | INFO | watchfiles.main | 1 change detected
2026-09-24 22:04:00,425 | INFO | watchfiles.main | 1 change detected
2026-09-24 22:04:00,838 | INFO | watchfiles.main | 1 change detected
2026-09-24 22:04:01,248 | INFO | watchfiles.main | 1 change detected
2026-09-24 22:04:01,613 | INFO | watchfiles.main | 1 change detected
2026-09-24 22:04:02,018 | INFO | watchfiles.main | 1 change detected
2026-09-24 22:04:02,423 | INFO | watchfiles.main | 1 change detected
2026-09-24 22:04:02,827 | INFO | watchfiles.main | 1 change detected
2026-09-24 22:04:03,230 | INFO | watchfiles.main | 1 change detected
2026-09-24 22:04:03,634 | INFO | watchfiles.main | 1 change detected
2026-09-24 22:04:04,037 | INFO | watchfiles.main | 1 change detected
2026-09-24 22:04:04,439 | INFO | watchfiles.main | 1 change detected
2026-09-24 22:04:04,952 | INFO | watchfiles.main | 1 change detected
2026-09-24 22:04:05,364 | INFO | watchfiles.main | 1 change detected
2026-09-24 22:04:05,765 | INFO | watchfiles.main | 1 change detected
2026-09-24 22:04:06,172 | INFO | watchfiles.main | 1 change detected
2026-09-24 22:04:06,578 | INFO | watchfiles.main | 1 change detected
2026-09-24 22:04:06,982 | INFO | watchfiles.main | 1 change detected
2026-09-24 22:04:07,387 | INFO | watchfiles.main | 1 change detected
2026-09-24 22:04:07,789 | INFO | watchfiles.main | 1 change detected
2026-09-24 22:04:08,194 | INFO | watchfiles.main | 1 change detected
2026-09-24 22:04:08,549 | INFO | watchfiles.main | 1 change detected
2026-09-24 22:04:08,961 | INFO | watchfiles.main | 1 change detected
2026-09-24 22:04:09,377 | INFO | watchfiles.main | 1 change detected
2026-09-24 22:04:09,793 | INFO | watchfiles.main | 1 change detected
2026-09-24 22:04:10,246 | INFO | watchfiles.main | 1 change detected
2026-09-24 22:04:10,810 | INFO | watchfiles.main | 1 change detected
2026-09-24 22:04:11,165 | INFO | watchfiles.main | 1 change detected
2026-09-24 22:04:11,572 | INFO | watchfiles.main | 1 change detected
2026-09-24 22:04:11,973 | INFO | watchfiles.main | 1 change detected
2026-09-24 22:04:12,375 | INFO | watchfiles.main | 1 change detected
2026-09-24 22:04:12,781 | INFO | watchfiles.main | 1 change detected
2026-09-24 22:04:13,187 | INFO | watchfiles.main | 1 change detected
2026-09-24 22:04:13,590 | INFO | watchfiles.main | 1 change detected
2026-09-24 22:04:13,996 | INFO | watchfiles.main | 1 change detected
2026-09-24 22:04:14,401 | INFO | watchfiles.main | 1 change detected
2026-09-24 22:04:14,808 | INFO | watchfiles.main | 1 change detected
2026-09-24 22:04:15,225 | INFO | watchfiles.main | 1 change detected
2026-09-24 22:04:15,628 | INFO | watchfiles.main | 1 change detected
2026-09-24 22:04:15,987 | INFO | watchfiles.main | 1 change detected
2026-09-24 22:04:16,399 | INFO | watchfiles.main | 1 change detected
2026-09-24 22:04:16,801 | INFO | watchfiles.main | 1 change detected
2026-09-24 22:04:17,205 | INFO | watchfiles.main | 1 change detected
2026-09-24 22:04:17,612 | INFO | watchfiles.main | 1 change detected
2026-09-24 22:04:18,017 | INFO | watchfiles.main | 1 change detected
2026-09-24 22:04:18,425 | INFO | watchfiles.main | 1 change detected
2026-09-24 22:04:18,842 | INFO | watchfiles.main | 1 change detected
2026-09-24 22:04:19,245 | INFO | watchfiles.main | 1 change detected
2026-09-24 22:04:19,649 | INFO | watchfiles.main | 1 change detected
2026-09-24 22:04:20,054 | INFO | watchfiles.main | 1 change detected
2026-09-24 22:04:20,457 | INFO | watchfiles.main | 1 change detected
2026-09-24 22:04:20,824 | INFO | watchfiles.main | 1 change detected
2026-09-24 22:04:21,233 | INFO | watchfiles.main | 1 change detected
2026-09-24 22:04:21,650 | INFO | watchfiles.main | 1 change detected
2026-09-24 22:04:22,061 | INFO | watchfiles.main | 1 change detected
2026-09-24 22:04:22,430 | INFO | watchfiles.main | 1 change detected
2026-09-24 22:04:22,834 | INFO | watchfiles.main | 1 change detected
2026-09-24 22:04:23,237 | INFO | watchfiles.main | 1 change detected
2026-09-24 22:04:23,654 | INFO | watchfiles.main | 1 change detected
2026-09-24 22:04:24,109 | INFO | watchfiles.main | 1 change detected
2026-09-24 22:04:24,472 | INFO | watchfiles.main | 1 change detected
2026-09-24 22:04:24,878 | INFO | watchfiles.main | 1 change detected
2026-09-24 22:04:25,279 | INFO | watchfiles.main | 1 change detected
2026-09-24 22:04:25,688 | INFO | watchfiles.main | 1 change detected
2026-09-24 22:04:26,090 | INFO | watchfiles.main | 1 change detected
2026-09-24 22:04:26,496 | INFO | watchfiles.main | 1 change detected
2026-09-24 22:04:26,902 | INFO | watchfiles.main | 1 change detected
2026-09-24 22:04:27,316 | INFO | watchfiles.main | 1 change detected
2026-09-24 22:04:27,721 | INFO | watchfiles.main | 1 change detected
2026-09-24 22:04:28,127 | INFO | watchfiles.main | 1 change detected
2026-09-24 22:04:28,530 | INFO | watchfiles.main | 1 change detected
2026-09-24 22:04:28,935 | INFO | watchfiles.main | 1 change detected
2026-09-24 22:04:29,351 | INFO | watchfiles.main | 1 change detected
2026-09-24 22:04:29,755 | INFO | watchfiles.main | 1 change detected
2026-09-24 22:04:30,171 | INFO | watchfiles.main | 1 change detected
2026-09-24 22:04:30,530 | INFO | watchfiles.main | 1 change detected
2026-09-24 22:04:30,936 | INFO | watchfiles.main | 1 change detected
2026-09-24 22:04:31,336 | INFO | watchfiles.main | 1 change detected
2026-09-24 22:04:31,740 | INFO | watchfiles.main | 1 change detected
2026-09-24 22:04:32,147 | INFO | watchfiles.main | 1 change detected
2026-09-24 22:04:32,550 | INFO | watchfiles.main | 1 change detected
2026-09-24 22:04:32,955 | INFO | watchfiles.main | 1 change detected
2026-09-24 22:04:33,357 | INFO | watchfiles.main | 1 change detected
2026-09-24 22:04:33,760 | INFO | watchfiles.main | 1 change detected
2026-09-24 22:04:34,171 | INFO | watchfiles.main | 1 change detected
2026-09-24 22:04:34,583 | INFO | watchfiles.main | 1 change detected
2026-09-24 22:04:34,997 | INFO | watchfiles.main | 1 change detected
2026-09-24 22:04:35,405 | INFO | watchfiles.main | 2 changes detected
2026-09-24 22:04:38,031 | INFO | watchfiles.main | 2 changes detected
2026-09-24 22:04:38,823 | INFO | watchfiles.main | 1 change detected
2026-09-24 22:04:40,248 | INFO | watchfiles.main | 5 changes detected
2026-09-24 22:04:43,288 | INFO | sqlalchemy.engine.Engine | select pg_catalog.version()
2026-09-24 22:04:43,288 | INFO | sqlalchemy.engine.Engine | [raw sql] {}
2026-09-24 22:04:43,291 | INFO | sqlalchemy.engine.Engine | select current_schema()
2026-09-24 22:04:43,292 | INFO | sqlalchemy.engine.Engine | [raw sql] {}
2026-09-24 22:04:43,295 | INFO | sqlalchemy.engine.Engine | show standard_conforming_strings
2026-09-24 22:04:43,295 | INFO | sqlalchemy.engine.Engine | [raw sql] {}
2026-09-24 22:04:43,296 | INFO | sqlalchemy.engine.Engine | BEGIN (implicit)
2026-09-24 22:04:43,301 | INFO | sqlalchemy.engine.Engine | SELECT pg_catalog.pg_class.relname 
FROM pg_catalog.pg_class JOIN pg_catalog.pg_namespace ON pg_catalog.pg_namespace.oid = pg_catalog.pg_class.relnamespace 
WHERE pg_catalog.pg_class.relname = %(table_name)s AND pg_catalog.pg_class.relkind = ANY (ARRAY[%(param_1)s, %(param_2)s, %(param_3)s, %(param_4)s, %(param_5)s]) AND pg_catalog.pg_table_is_visible(pg_catalog.pg_class.oid) AND pg_catalog.pg_namespace.nspname != %(nspname_1)s
2026-09-24 22:04:43,302 | INFO | sqlalchemy.engine.Engine | [generated in 0.00056s] {'table_name': 'users', 'param_1': 'r', 'param_2': 'p', 'param_3': 'f', 'param_4': 'v', 'param_5': 'm', 'nspname_1': 'pg_catalog'}
2026-09-24 22:04:43,319 | INFO | sqlalchemy.engine.Engine | SELECT pg_catalog.pg_class.relname 
FROM pg_catalog.pg_class JOIN pg_catalog.pg_namespace ON pg_catalog.pg_namespace.oid = pg_catalog.pg_class.relnamespace 
WHERE pg_catalog.pg_class.relname = %(table_name)s AND pg_catalog.pg_class.relkind = ANY (ARRAY[%(param_1)s, %(param_2)s, %(param_3)s, %(param_4)s, %(param_5)s]) AND pg_catalog.pg_table_is_visible(pg_catalog.pg_class.oid) AND pg_catalog.pg_namespace.nspname != %(nspname_1)s
2026-09-24 22:04:43,320 | INFO | sqlalchemy.engine.Engine | [cached since 0.01866s ago] {'table_name': 'products', 'param_1': 'r', 'param_2': 'p', 'param_3': 'f', 'param_4': 'v', 'param_5': 'm', 'nspname_1': 'pg_catalog'}
2026-09-24 22:04:43,322 | INFO | sqlalchemy.engine.Engine | COMMIT
2026-09-24 22:04:50,088 | INFO | watchfiles.main | 1 change detected
2026-09-24 22:04:51,051 | INFO | watchfiles.main | 1 change detected
2026-09-24 22:04:51,401 | INFO | watchfiles.main | 5 changes detected
2026-09-24 22:04:53,132 | INFO | sqlalchemy.engine.Engine | select pg_catalog.version()
2026-09-24 22:04:53,132 | INFO | sqlalchemy.engine.Engine | [raw sql] {}
2026-09-24 22:04:53,134 | INFO | sqlalchemy.engine.Engine | select current_schema()
2026-09-24 22:04:53,134 | INFO | sqlalchemy.engine.Engine | [raw sql] {}
2026-09-24 22:04:53,135 | INFO | sqlalchemy.engine.Engine | show standard_conforming_strings
2026-09-24 22:04:53,136 | INFO | sqlalchemy.engine.Engine | [raw sql] {}
2026-09-24 22:04:53,137 | INFO | sqlalchemy.engine.Engine | BEGIN (implicit)
2026-09-24 22:04:53,142 | INFO | sqlalchemy.engine.Engine | SELECT pg_catalog.pg_class.relname 
FROM pg_catalog.pg_class JOIN pg_catalog.pg_namespace ON pg_catalog.pg_namespace.oid = pg_catalog.pg_class.relnamespace 
WHERE pg_catalog.pg_class.relname = %(table_name)s AND pg_catalog.pg_class.relkind = ANY (ARRAY[%(param_1)s, %(param_2)s, %(param_3)s, %(param_4)s, %(param_5)s]) AND pg_catalog.pg_table_is_visible(pg_catalog.pg_class.oid) AND pg_catalog.pg_namespace.nspname != %(nspname_1)s
2026-09-24 22:04:53,143 | INFO | sqlalchemy.engine.Engine | [generated in 0.00058s] {'table_name': 'users', 'param_1': 'r', 'param_2': 'p', 'param_3': 'f', 'param_4': 'v', 'param_5': 'm', 'nspname_1': 'pg_catalog'}
2026-09-24 22:04:53,151 | INFO | sqlalchemy.engine.Engine | SELECT pg_catalog.pg_class.relname 
FROM pg_catalog.pg_class JOIN pg_catalog.pg_namespace ON pg_catalog.pg_namespace.oid = pg_catalog.pg_class.relnamespace 
WHERE pg_catalog.pg_class.relname = %(table_name)s AND pg_catalog.pg_class.relkind = ANY (ARRAY[%(param_1)s, %(param_2)s, %(param_3)s, %(param_4)s, %(param_5)s]) AND pg_catalog.pg_table_is_visible(pg_catalog.pg_class.oid) AND pg_catalog.pg_namespace.nspname != %(nspname_1)s
2026-09-24 22:04:53,151 | INFO | sqlalchemy.engine.Engine | [cached since 0.009406s ago] {'table_name': 'products', 'param_1': 'r', 'param_2': 'p', 'param_3': 'f', 'param_4': 'v', 'param_5': 'm', 'nspname_1': 'pg_catalog'}
2026-09-24 22:04:53,153 | INFO | sqlalchemy.engine.Engine | COMMIT
2026-09-24 22:04:54,486 | INFO | watchfiles.main | 1 change detected
2026-09-24 22:04:55,759 | INFO | watchfiles.main | 1 change detected
2026-09-24 22:04:56,167 | INFO | watchfiles.main | 5 changes detected
2026-09-24 22:04:58,270 | INFO | sqlalchemy.engine.Engine | select pg_catalog.version()
2026-09-24 22:04:58,270 | INFO | sqlalchemy.engine.Engine | [raw sql] {}
2026-09-24 22:04:58,272 | INFO | sqlalchemy.engine.Engine | select current_schema()
2026-09-24 22:04:58,272 | INFO | sqlalchemy.engine.Engine | [raw sql] {}
2026-09-24 22:04:58,273 | INFO | sqlalchemy.engine.Engine | show standard_conforming_strings
2026-09-24 22:04:58,274 | INFO | sqlalchemy.engine.Engine | [raw sql] {}
2026-09-24 22:04:58,275 | INFO | sqlalchemy.engine.Engine | BEGIN (implicit)
2026-09-24 22:04:58,280 | INFO | sqlalchemy.engine.Engine | SELECT pg_catalog.pg_class.relname 
FROM pg_catalog.pg_class JOIN pg_catalog.pg_namespace ON pg_catalog.pg_namespace.oid = pg_catalog.pg_class.relnamespace 
WHERE pg_catalog.pg_class.relname = %(table_name)s AND pg_catalog.pg_class.relkind = ANY (ARRAY[%(param_1)s, %(param_2)s, %(param_3)s, %(param_4)s, %(param_5)s]) AND pg_catalog.pg_table_is_visible(pg_catalog.pg_class.oid) AND pg_catalog.pg_namespace.nspname != %(nspname_1)s
2026-09-24 22:04:58,280 | INFO | sqlalchemy.engine.Engine | [generated in 0.00042s] {'table_name': 'users', 'param_1': 'r', 'param_2': 'p', 'param_3': 'f', 'param_4': 'v', 'param_5': 'm', 'nspname_1': 'pg_catalog'}
2026-09-24 22:04:58,290 | INFO | sqlalchemy.engine.Engine | SELECT pg_catalog.pg_class.relname 
FROM pg_catalog.pg_class JOIN pg_catalog.pg_namespace ON pg_catalog.pg_namespace.oid = pg_catalog.pg_class.relnamespace 
WHERE pg_catalog.pg_class.relname = %(table_name)s AND pg_catalog.pg_class.relkind = ANY (ARRAY[%(param_1)s, %(param_2)s, %(param_3)s, %(param_4)s, %(param_5)s]) AND pg_catalog.pg_table_is_visible(pg_catalog.pg_class.oid) AND pg_catalog.pg_namespace.nspname != %(nspname_1)s
2026-09-24 22:04:58,290 | INFO | sqlalchemy.engine.Engine | [cached since 0.01047s ago] {'table_name': 'products', 'param_1': 'r', 'param_2': 'p', 'param_3': 'f', 'param_4': 'v', 'param_5': 'm', 'nspname_1': 'pg_catalog'}
2026-09-24 22:04:58,293 | INFO | sqlalchemy.engine.Engine | COMMIT
2026-09-24 22:05:01,822 | INFO | watchfiles.main | 1 change detected
2026-09-24 22:05:02,797 | INFO | watchfiles.main | 1 change detected
2026-09-24 22:05:03,151 | INFO | watchfiles.main | 5 changes detected
2026-09-24 22:05:04,791 | INFO | sqlalchemy.engine.Engine | select pg_catalog.version()
2026-09-24 22:05:04,791 | INFO | sqlalchemy.engine.Engine | [raw sql] {}
2026-09-24 22:05:04,793 | INFO | sqlalchemy.engine.Engine | select current_schema()
2026-09-24 22:05:04,793 | INFO | sqlalchemy.engine.Engine | [raw sql] {}
2026-09-24 22:05:04,794 | INFO | sqlalchemy.engine.Engine | show standard_conforming_strings
2026-09-24 22:05:04,794 | INFO | sqlalchemy.engine.Engine | [raw sql] {}
2026-09-24 22:05:04,795 | INFO | sqlalchemy.engine.Engine | BEGIN (implicit)
2026-09-24 22:05:04,799 | INFO | sqlalchemy.engine.Engine | SELECT pg_catalog.pg_class.relname 
FROM pg_catalog.pg_class JOIN pg_catalog.pg_namespace ON pg_catalog.pg_namespace.oid = pg_catalog.pg_class.relnamespace 
WHERE pg_catalog.pg_class.relname = %(table_name)s AND pg_catalog.pg_class.relkind = ANY (ARRAY[%(param_1)s, %(param_2)s, %(param_3)s, %(param_4)s, %(param_5)s]) AND pg_catalog.pg_table_is_visible(pg_catalog.pg_class.oid) AND pg_catalog.pg_namespace.nspname != %(nspname_1)s
2026-09-24 22:05:04,799 | INFO | sqlalchemy.engine.Engine | [generated in 0.00045s] {'table_name': 'users', 'param_1': 'r', 'param_2': 'p', 'param_3': 'f', 'param_4': 'v', 'param_5': 'm', 'nspname_1': 'pg_catalog'}
2026-09-24 22:05:04,805 | INFO | sqlalchemy.engine.Engine | SELECT pg_catalog.pg_class.relname 
FROM pg_catalog.pg_class JOIN pg_catalog.pg_namespace ON pg_catalog.pg_namespace.oid = pg_catalog.pg_class.relnamespace 
WHERE pg_catalog.pg_class.relname = %(table_name)s AND pg_catalog.pg_class.relkind = ANY (ARRAY[%(param_1)s, %(param_2)s, %(param_3)s, %(param_4)s, %(param_5)s]) AND pg_catalog.pg_table_is_visible(pg_catalog.pg_class.oid) AND pg_catalog.pg_namespace.nspname != %(nspname_1)s
2026-09-24 22:05:04,806 | INFO | sqlalchemy.engine.Engine | [cached since 0.007015s ago] {'table_name': 'products', 'param_1': 'r', 'param_2': 'p', 'param_3': 'f', 'param_4': 'v', 'param_5': 'm', 'nspname_1': 'pg_catalog'}
2026-09-24 22:05:04,807 | INFO | sqlalchemy.engine.Engine | COMMIT
2026-09-24 22:05:10,736 | INFO | sqlalchemy.engine.Engine | BEGIN (implicit)
2026-09-24 22:05:10,739 | INFO | sqlalchemy.engine.Engine | SELECT products.id AS products_id, products.name AS products_name, products.description AS products_description, products.category AS products_category, products.price AS products_price, products.stock AS products_stock, products.is_active AS products_is_active 
FROM products ORDER BY products.id ASC 
 LIMIT %(param_1)s OFFSET %(param_2)s
2026-09-24 22:05:10,739 | INFO | sqlalchemy.engine.Engine | [generated in 0.00056s] {'param_1': 10, 'param_2': 0}
2026-09-24 22:05:10,762 | INFO | sqlalchemy.engine.Engine | ROLLBACK
2026-09-24 22:09:11,300 | INFO | sqlalchemy.engine.Engine | BEGIN (implicit)
2026-09-24 22:09:11,303 | INFO | sqlalchemy.engine.Engine | SELECT products.id AS products_id, products.name AS products_name, products.description AS products_description, products.category AS products_category, products.price AS products_price, products.stock AS products_stock, products.is_active AS products_is_active 
FROM products ORDER BY products.id ASC 
 LIMIT %(param_1)s OFFSET %(param_2)s
2026-09-24 22:09:11,304 | INFO | sqlalchemy.engine.Engine | [cached since 240.6s ago] {'param_1': 10, 'param_2': 0}
2026-09-24 22:09:11,312 | INFO | sqlalchemy.engine.Engine | ROLLBACK
2026-09-24 22:09:30,649 | INFO | watchfiles.main | 1 change detected
2026-09-24 22:09:31,711 | INFO | watchfiles.main | 1 change detected
2026-09-24 22:09:35,693 | INFO | watchfiles.main | 1 change detected
2026-09-24 22:10:02,210 | INFO | watchfiles.main | 1 change detected
2026-09-24 22:10:10,446 | INFO | watchfiles.main | 1 change detected
2026-09-24 22:10:10,968 | INFO | watchfiles.main | 5 changes detected
2026-09-24 22:10:12,318 | INFO | watchfiles.main | 1 change detected
2026-09-24 22:10:13,031 | INFO | sqlalchemy.engine.Engine | select pg_catalog.version()
2026-09-24 22:10:13,031 | INFO | sqlalchemy.engine.Engine | [raw sql] {}
2026-09-24 22:10:13,034 | INFO | sqlalchemy.engine.Engine | select current_schema()
2026-09-24 22:10:13,034 | INFO | sqlalchemy.engine.Engine | [raw sql] {}
2026-09-24 22:10:13,036 | INFO | sqlalchemy.engine.Engine | show standard_conforming_strings
2026-09-24 22:10:13,036 | INFO | sqlalchemy.engine.Engine | [raw sql] {}
2026-09-24 22:10:13,037 | INFO | sqlalchemy.engine.Engine | BEGIN (implicit)
2026-09-24 22:10:13,043 | INFO | sqlalchemy.engine.Engine | SELECT pg_catalog.pg_class.relname 
FROM pg_catalog.pg_class JOIN pg_catalog.pg_namespace ON pg_catalog.pg_namespace.oid = pg_catalog.pg_class.relnamespace 
WHERE pg_catalog.pg_class.relname = %(table_name)s AND pg_catalog.pg_class.relkind = ANY (ARRAY[%(param_1)s, %(param_2)s, %(param_3)s, %(param_4)s, %(param_5)s]) AND pg_catalog.pg_table_is_visible(pg_catalog.pg_class.oid) AND pg_catalog.pg_namespace.nspname != %(nspname_1)s
2026-09-24 22:10:13,043 | INFO | sqlalchemy.engine.Engine | [generated in 0.00054s] {'table_name': 'users', 'param_1': 'r', 'param_2': 'p', 'param_3': 'f', 'param_4': 'v', 'param_5': 'm', 'nspname_1': 'pg_catalog'}
2026-09-24 22:10:13,054 | INFO | sqlalchemy.engine.Engine | SELECT pg_catalog.pg_class.relname 
FROM pg_catalog.pg_class JOIN pg_catalog.pg_namespace ON pg_catalog.pg_namespace.oid = pg_catalog.pg_class.relnamespace 
WHERE pg_catalog.pg_class.relname = %(table_name)s AND pg_catalog.pg_class.relkind = ANY (ARRAY[%(param_1)s, %(param_2)s, %(param_3)s, %(param_4)s, %(param_5)s]) AND pg_catalog.pg_table_is_visible(pg_catalog.pg_class.oid) AND pg_catalog.pg_namespace.nspname != %(nspname_1)s
2026-09-24 22:10:13,054 | INFO | sqlalchemy.engine.Engine | [cached since 0.01162s ago] {'table_name': 'products', 'param_1': 'r', 'param_2': 'p', 'param_3': 'f', 'param_4': 'v', 'param_5': 'm', 'nspname_1': 'pg_catalog'}
2026-09-24 22:10:13,057 | INFO | sqlalchemy.engine.Engine | COMMIT
2026-09-24 22:10:13,952 | INFO | watchfiles.main | 2 changes detected
2026-09-24 22:10:14,543 | INFO | watchfiles.main | 5 changes detected
2026-09-24 22:10:16,035 | INFO | sqlalchemy.engine.Engine | select pg_catalog.version()
2026-09-24 22:10:16,035 | INFO | sqlalchemy.engine.Engine | [raw sql] {}
2026-09-24 22:10:16,037 | INFO | sqlalchemy.engine.Engine | select current_schema()
2026-09-24 22:10:16,038 | INFO | sqlalchemy.engine.Engine | [raw sql] {}
2026-09-24 22:10:16,038 | INFO | sqlalchemy.engine.Engine | show standard_conforming_strings
2026-09-24 22:10:16,038 | INFO | sqlalchemy.engine.Engine | [raw sql] {}
2026-09-24 22:10:16,039 | INFO | sqlalchemy.engine.Engine | BEGIN (implicit)
2026-09-24 22:10:16,042 | INFO | sqlalchemy.engine.Engine | SELECT pg_catalog.pg_class.relname 
FROM pg_catalog.pg_class JOIN pg_catalog.pg_namespace ON pg_catalog.pg_namespace.oid = pg_catalog.pg_class.relnamespace 
WHERE pg_catalog.pg_class.relname = %(table_name)s AND pg_catalog.pg_class.relkind = ANY (ARRAY[%(param_1)s, %(param_2)s, %(param_3)s, %(param_4)s, %(param_5)s]) AND pg_catalog.pg_table_is_visible(pg_catalog.pg_class.oid) AND pg_catalog.pg_namespace.nspname != %(nspname_1)s
2026-09-24 22:10:16,043 | INFO | sqlalchemy.engine.Engine | [generated in 0.00035s] {'table_name': 'users', 'param_1': 'r', 'param_2': 'p', 'param_3': 'f', 'param_4': 'v', 'param_5': 'm', 'nspname_1': 'pg_catalog'}
2026-09-24 22:10:16,051 | INFO | sqlalchemy.engine.Engine | SELECT pg_catalog.pg_class.relname 
FROM pg_catalog.pg_class JOIN pg_catalog.pg_namespace ON pg_catalog.pg_namespace.oid = pg_catalog.pg_class.relnamespace 
WHERE pg_catalog.pg_class.relname = %(table_name)s AND pg_catalog.pg_class.relkind = ANY (ARRAY[%(param_1)s, %(param_2)s, %(param_3)s, %(param_4)s, %(param_5)s]) AND pg_catalog.pg_table_is_visible(pg_catalog.pg_class.oid) AND pg_catalog.pg_namespace.nspname != %(nspname_1)s
2026-09-24 22:10:16,052 | INFO | sqlalchemy.engine.Engine | [cached since 0.009575s ago] {'table_name': 'products', 'param_1': 'r', 'param_2': 'p', 'param_3': 'f', 'param_4': 'v', 'param_5': 'm', 'nspname_1': 'pg_catalog'}
2026-09-24 22:10:16,055 | INFO | sqlalchemy.engine.Engine | COMMIT
2026-09-24 22:10:19,371 | INFO | sqlalchemy.engine.Engine | BEGIN (implicit)
2026-09-24 22:10:19,374 | INFO | sqlalchemy.engine.Engine | SELECT products.id AS products_id, products.name AS products_name, products.description AS products_description, products.category AS products_category, products.price AS products_price, products.stock AS products_stock, products.is_active AS products_is_active 
FROM products ORDER BY products.id ASC 
 LIMIT %(param_1)s OFFSET %(param_2)s
2026-09-24 22:10:19,374 | INFO | sqlalchemy.engine.Engine | [generated in 0.00042s] {'param_1': 10, 'param_2': 0}
2026-09-24 22:10:19,383 | INFO | sqlalchemy.engine.Engine | ROLLBACK
2026-09-24 22:10:38,304 | INFO | sqlalchemy.engine.Engine | select pg_catalog.version()
2026-09-24 22:10:38,304 | INFO | sqlalchemy.engine.Engine | [raw sql] {}
2026-09-24 22:10:38,306 | INFO | sqlalchemy.engine.Engine | select current_schema()
2026-09-24 22:10:38,306 | INFO | sqlalchemy.engine.Engine | [raw sql] {}
2026-09-24 22:10:38,307 | INFO | sqlalchemy.engine.Engine | show standard_conforming_strings
2026-09-24 22:10:38,307 | INFO | sqlalchemy.engine.Engine | [raw sql] {}
2026-09-24 22:10:38,308 | INFO | sqlalchemy.engine.Engine | BEGIN (implicit)
2026-09-24 22:10:38,311 | INFO | sqlalchemy.engine.Engine | SELECT pg_catalog.pg_class.relname 
FROM pg_catalog.pg_class JOIN pg_catalog.pg_namespace ON pg_catalog.pg_namespace.oid = pg_catalog.pg_class.relnamespace 
WHERE pg_catalog.pg_class.relname = %(table_name)s AND pg_catalog.pg_class.relkind = ANY (ARRAY[%(param_1)s, %(param_2)s, %(param_3)s, %(param_4)s, %(param_5)s]) AND pg_catalog.pg_table_is_visible(pg_catalog.pg_class.oid) AND pg_catalog.pg_namespace.nspname != %(nspname_1)s
2026-09-24 22:10:38,311 | INFO | sqlalchemy.engine.Engine | [generated in 0.00030s] {'table_name': 'users', 'param_1': 'r', 'param_2': 'p', 'param_3': 'f', 'param_4': 'v', 'param_5': 'm', 'nspname_1': 'pg_catalog'}
2026-09-24 22:10:38,318 | INFO | sqlalchemy.engine.Engine | SELECT pg_catalog.pg_class.relname 
FROM pg_catalog.pg_class JOIN pg_catalog.pg_namespace ON pg_catalog.pg_namespace.oid = pg_catalog.pg_class.relnamespace 
WHERE pg_catalog.pg_class.relname = %(table_name)s AND pg_catalog.pg_class.relkind = ANY (ARRAY[%(param_1)s, %(param_2)s, %(param_3)s, %(param_4)s, %(param_5)s]) AND pg_catalog.pg_table_is_visible(pg_catalog.pg_class.oid) AND pg_catalog.pg_namespace.nspname != %(nspname_1)s
2026-09-24 22:10:38,318 | INFO | sqlalchemy.engine.Engine | [cached since 0.007251s ago] {'table_name': 'products', 'param_1': 'r', 'param_2': 'p', 'param_3': 'f', 'param_4': 'v', 'param_5': 'm', 'nspname_1': 'pg_catalog'}
2026-09-24 22:10:38,319 | INFO | sqlalchemy.engine.Engine | COMMIT
2026-09-24 22:10:40,122 | INFO | sqlalchemy.engine.Engine | select pg_catalog.version()
2026-09-24 22:10:40,122 | INFO | sqlalchemy.engine.Engine | [raw sql] {}
2026-09-24 22:10:40,124 | INFO | sqlalchemy.engine.Engine | select current_schema()
2026-09-24 22:10:40,124 | INFO | sqlalchemy.engine.Engine | [raw sql] {}
2026-09-24 22:10:40,125 | INFO | sqlalchemy.engine.Engine | show standard_conforming_strings
2026-09-24 22:10:40,125 | INFO | sqlalchemy.engine.Engine | [raw sql] {}
2026-09-24 22:10:40,126 | INFO | sqlalchemy.engine.Engine | BEGIN (implicit)
2026-09-24 22:10:40,133 | INFO | sqlalchemy.engine.Engine | SELECT pg_catalog.pg_class.relname 
FROM pg_catalog.pg_class JOIN pg_catalog.pg_namespace ON pg_catalog.pg_namespace.oid = pg_catalog.pg_class.relnamespace 
WHERE pg_catalog.pg_class.relname = %(table_name)s AND pg_catalog.pg_class.relkind = ANY (ARRAY[%(param_1)s, %(param_2)s, %(param_3)s, %(param_4)s, %(param_5)s]) AND pg_catalog.pg_table_is_visible(pg_catalog.pg_class.oid) AND pg_catalog.pg_namespace.nspname != %(nspname_1)s
2026-09-24 22:10:40,133 | INFO | sqlalchemy.engine.Engine | [generated in 0.00059s] {'table_name': 'users', 'param_1': 'r', 'param_2': 'p', 'param_3': 'f', 'param_4': 'v', 'param_5': 'm', 'nspname_1': 'pg_catalog'}
2026-09-24 22:10:40,140 | INFO | sqlalchemy.engine.Engine | SELECT pg_catalog.pg_class.relname 
FROM pg_catalog.pg_class JOIN pg_catalog.pg_namespace ON pg_catalog.pg_namespace.oid = pg_catalog.pg_class.relnamespace 
WHERE pg_catalog.pg_class.relname = %(table_name)s AND pg_catalog.pg_class.relkind = ANY (ARRAY[%(param_1)s, %(param_2)s, %(param_3)s, %(param_4)s, %(param_5)s]) AND pg_catalog.pg_table_is_visible(pg_catalog.pg_class.oid) AND pg_catalog.pg_namespace.nspname != %(nspname_1)s
2026-09-24 22:10:40,141 | INFO | sqlalchemy.engine.Engine | [cached since 0.008136s ago] {'table_name': 'products', 'param_1': 'r', 'param_2': 'p', 'param_3': 'f', 'param_4': 'v', 'param_5': 'm', 'nspname_1': 'pg_catalog'}
2026-09-24 22:10:40,142 | INFO | sqlalchemy.engine.Engine | COMMIT
2026-09-24 22:10:42,378 | INFO | sqlalchemy.engine.Engine | BEGIN (implicit)
2026-09-24 22:10:42,382 | INFO | sqlalchemy.engine.Engine | SELECT products.id AS products_id, products.name AS products_name, products.description AS products_description, products.category AS products_category, products.price AS products_price, products.stock AS products_stock, products.is_active AS products_is_active 
FROM products ORDER BY products.id ASC 
 LIMIT %(param_1)s OFFSET %(param_2)s
2026-09-24 22:10:42,383 | INFO | sqlalchemy.engine.Engine | [generated in 0.00075s] {'param_1': 10, 'param_2': 0}
2026-09-24 22:10:42,396 | INFO | sqlalchemy.engine.Engine | ROLLBACK
2026-09-24 22:11:30,360 | INFO | watchfiles.main | 1 change detected
2026-09-24 22:11:31,254 | INFO | watchfiles.main | 1 change detected
2026-09-24 22:11:31,813 | INFO | watchfiles.main | 5 changes detected
2026-09-24 22:11:33,852 | INFO | sqlalchemy.engine.Engine | select pg_catalog.version()
2026-09-24 22:11:33,852 | INFO | sqlalchemy.engine.Engine | [raw sql] {}
2026-09-24 22:11:33,853 | INFO | sqlalchemy.engine.Engine | select current_schema()
2026-09-24 22:11:33,854 | INFO | sqlalchemy.engine.Engine | [raw sql] {}
2026-09-24 22:11:33,855 | INFO | sqlalchemy.engine.Engine | show standard_conforming_strings
2026-09-24 22:11:33,855 | INFO | sqlalchemy.engine.Engine | [raw sql] {}
2026-09-24 22:11:33,856 | INFO | sqlalchemy.engine.Engine | BEGIN (implicit)
2026-09-24 22:11:33,860 | INFO | sqlalchemy.engine.Engine | SELECT pg_catalog.pg_class.relname 
FROM pg_catalog.pg_class JOIN pg_catalog.pg_namespace ON pg_catalog.pg_namespace.oid = pg_catalog.pg_class.relnamespace 
WHERE pg_catalog.pg_class.relname = %(table_name)s AND pg_catalog.pg_class.relkind = ANY (ARRAY[%(param_1)s, %(param_2)s, %(param_3)s, %(param_4)s, %(param_5)s]) AND pg_catalog.pg_table_is_visible(pg_catalog.pg_class.oid) AND pg_catalog.pg_namespace.nspname != %(nspname_1)s
2026-09-24 22:11:33,860 | INFO | sqlalchemy.engine.Engine | [generated in 0.00038s] {'table_name': 'users', 'param_1': 'r', 'param_2': 'p', 'param_3': 'f', 'param_4': 'v', 'param_5': 'm', 'nspname_1': 'pg_catalog'}
2026-09-24 22:11:33,866 | INFO | sqlalchemy.engine.Engine | SELECT pg_catalog.pg_class.relname 
FROM pg_catalog.pg_class JOIN pg_catalog.pg_namespace ON pg_catalog.pg_namespace.oid = pg_catalog.pg_class.relnamespace 
WHERE pg_catalog.pg_class.relname = %(table_name)s AND pg_catalog.pg_class.relkind = ANY (ARRAY[%(param_1)s, %(param_2)s, %(param_3)s, %(param_4)s, %(param_5)s]) AND pg_catalog.pg_table_is_visible(pg_catalog.pg_class.oid) AND pg_catalog.pg_namespace.nspname != %(nspname_1)s
2026-09-24 22:11:33,866 | INFO | sqlalchemy.engine.Engine | [cached since 0.006139s ago] {'table_name': 'products', 'param_1': 'r', 'param_2': 'p', 'param_3': 'f', 'param_4': 'v', 'param_5': 'm', 'nspname_1': 'pg_catalog'}
2026-09-24 22:11:33,867 | INFO | sqlalchemy.engine.Engine | COMMIT
2026-09-24 22:11:57,582 | INFO | watchfiles.main | 1 change detected
2026-09-24 22:11:58,365 | INFO | watchfiles.main | 1 change detected
2026-09-24 22:11:58,720 | INFO | watchfiles.main | 5 changes detected
2026-09-24 22:12:00,349 | INFO | sqlalchemy.engine.Engine | select pg_catalog.version()
2026-09-24 22:12:00,350 | INFO | sqlalchemy.engine.Engine | [raw sql] {}
2026-09-24 22:12:00,351 | INFO | sqlalchemy.engine.Engine | select current_schema()
2026-09-24 22:12:00,351 | INFO | sqlalchemy.engine.Engine | [raw sql] {}
2026-09-24 22:12:00,352 | INFO | sqlalchemy.engine.Engine | show standard_conforming_strings
2026-09-24 22:12:00,352 | INFO | sqlalchemy.engine.Engine | [raw sql] {}
2026-09-24 22:12:00,353 | INFO | sqlalchemy.engine.Engine | BEGIN (implicit)
2026-09-24 22:12:00,357 | INFO | sqlalchemy.engine.Engine | SELECT pg_catalog.pg_class.relname 
FROM pg_catalog.pg_class JOIN pg_catalog.pg_namespace ON pg_catalog.pg_namespace.oid = pg_catalog.pg_class.relnamespace 
WHERE pg_catalog.pg_class.relname = %(table_name)s AND pg_catalog.pg_class.relkind = ANY (ARRAY[%(param_1)s, %(param_2)s, %(param_3)s, %(param_4)s, %(param_5)s]) AND pg_catalog.pg_table_is_visible(pg_catalog.pg_class.oid) AND pg_catalog.pg_namespace.nspname != %(nspname_1)s
2026-09-24 22:12:00,358 | INFO | sqlalchemy.engine.Engine | [generated in 0.00056s] {'table_name': 'users', 'param_1': 'r', 'param_2': 'p', 'param_3': 'f', 'param_4': 'v', 'param_5': 'm', 'nspname_1': 'pg_catalog'}
2026-09-24 22:12:00,363 | INFO | sqlalchemy.engine.Engine | SELECT pg_catalog.pg_class.relname 
FROM pg_catalog.pg_class JOIN pg_catalog.pg_namespace ON pg_catalog.pg_namespace.oid = pg_catalog.pg_class.relnamespace 
WHERE pg_catalog.pg_class.relname = %(table_name)s AND pg_catalog.pg_class.relkind = ANY (ARRAY[%(param_1)s, %(param_2)s, %(param_3)s, %(param_4)s, %(param_5)s]) AND pg_catalog.pg_table_is_visible(pg_catalog.pg_class.oid) AND pg_catalog.pg_namespace.nspname != %(nspname_1)s
2026-09-24 22:12:00,363 | INFO | sqlalchemy.engine.Engine | [cached since 0.006063s ago] {'table_name': 'products', 'param_1': 'r', 'param_2': 'p', 'param_3': 'f', 'param_4': 'v', 'param_5': 'm', 'nspname_1': 'pg_catalog'}
2026-09-24 22:12:00,364 | INFO | sqlalchemy.engine.Engine | COMMIT
2026-09-24 22:12:02,116 | INFO | watchfiles.main | 1 change detected
2026-09-24 22:12:03,268 | INFO | watchfiles.main | 1 change detected
2026-09-24 22:12:04,130 | INFO | watchfiles.main | 5 changes detected
2026-09-24 22:12:06,774 | INFO | sqlalchemy.engine.Engine | select pg_catalog.version()
2026-09-24 22:12:06,775 | INFO | sqlalchemy.engine.Engine | [raw sql] {}
2026-09-24 22:12:06,777 | INFO | sqlalchemy.engine.Engine | select current_schema()
2026-09-24 22:12:06,778 | INFO | sqlalchemy.engine.Engine | [raw sql] {}
2026-09-24 22:12:06,779 | INFO | sqlalchemy.engine.Engine | show standard_conforming_strings
2026-09-24 22:12:06,779 | INFO | sqlalchemy.engine.Engine | [raw sql] {}
2026-09-24 22:12:06,780 | INFO | sqlalchemy.engine.Engine | BEGIN (implicit)
2026-09-24 22:12:06,789 | INFO | sqlalchemy.engine.Engine | SELECT pg_catalog.pg_class.relname 
FROM pg_catalog.pg_class JOIN pg_catalog.pg_namespace ON pg_catalog.pg_namespace.oid = pg_catalog.pg_class.relnamespace 
WHERE pg_catalog.pg_class.relname = %(table_name)s AND pg_catalog.pg_class.relkind = ANY (ARRAY[%(param_1)s, %(param_2)s, %(param_3)s, %(param_4)s, %(param_5)s]) AND pg_catalog.pg_table_is_visible(pg_catalog.pg_class.oid) AND pg_catalog.pg_namespace.nspname != %(nspname_1)s
2026-09-24 22:12:06,789 | INFO | sqlalchemy.engine.Engine | [generated in 0.00083s] {'table_name': 'users', 'param_1': 'r', 'param_2': 'p', 'param_3': 'f', 'param_4': 'v', 'param_5': 'm', 'nspname_1': 'pg_catalog'}
2026-09-24 22:12:06,797 | INFO | sqlalchemy.engine.Engine | SELECT pg_catalog.pg_class.relname 
FROM pg_catalog.pg_class JOIN pg_catalog.pg_namespace ON pg_catalog.pg_namespace.oid = pg_catalog.pg_class.relnamespace 
WHERE pg_catalog.pg_class.relname = %(table_name)s AND pg_catalog.pg_class.relkind = ANY (ARRAY[%(param_1)s, %(param_2)s, %(param_3)s, %(param_4)s, %(param_5)s]) AND pg_catalog.pg_table_is_visible(pg_catalog.pg_class.oid) AND pg_catalog.pg_namespace.nspname != %(nspname_1)s
2026-09-24 22:12:06,798 | INFO | sqlalchemy.engine.Engine | [cached since 0.009131s ago] {'table_name': 'products', 'param_1': 'r', 'param_2': 'p', 'param_3': 'f', 'param_4': 'v', 'param_5': 'm', 'nspname_1': 'pg_catalog'}
2026-09-24 22:12:06,799 | INFO | sqlalchemy.engine.Engine | COMMIT
2026-09-24 22:13:21,435 | INFO | sqlalchemy.engine.Engine | select pg_catalog.version()
2026-09-24 22:13:21,436 | INFO | sqlalchemy.engine.Engine | [raw sql] {}
2026-09-24 22:13:21,437 | INFO | sqlalchemy.engine.Engine | select current_schema()
2026-09-24 22:13:21,438 | INFO | sqlalchemy.engine.Engine | [raw sql] {}
2026-09-24 22:13:21,439 | INFO | sqlalchemy.engine.Engine | show standard_conforming_strings
2026-09-24 22:13:21,439 | INFO | sqlalchemy.engine.Engine | [raw sql] {}
2026-09-24 22:13:21,440 | INFO | sqlalchemy.engine.Engine | BEGIN (implicit)
2026-09-24 22:13:21,444 | INFO | sqlalchemy.engine.Engine | SELECT pg_catalog.pg_class.relname 
FROM pg_catalog.pg_class JOIN pg_catalog.pg_namespace ON pg_catalog.pg_namespace.oid = pg_catalog.pg_class.relnamespace 
WHERE pg_catalog.pg_class.relname = %(table_name)s AND pg_catalog.pg_class.relkind = ANY (ARRAY[%(param_1)s, %(param_2)s, %(param_3)s, %(param_4)s, %(param_5)s]) AND pg_catalog.pg_table_is_visible(pg_catalog.pg_class.oid) AND pg_catalog.pg_namespace.nspname != %(nspname_1)s
2026-09-24 22:13:21,444 | INFO | sqlalchemy.engine.Engine | [generated in 0.00049s] {'table_name': 'users', 'param_1': 'r', 'param_2': 'p', 'param_3': 'f', 'param_4': 'v', 'param_5': 'm', 'nspname_1': 'pg_catalog'}
2026-09-24 22:13:21,451 | INFO | sqlalchemy.engine.Engine | SELECT pg_catalog.pg_class.relname 
FROM pg_catalog.pg_class JOIN pg_catalog.pg_namespace ON pg_catalog.pg_namespace.oid = pg_catalog.pg_class.relnamespace 
WHERE pg_catalog.pg_class.relname = %(table_name)s AND pg_catalog.pg_class.relkind = ANY (ARRAY[%(param_1)s, %(param_2)s, %(param_3)s, %(param_4)s, %(param_5)s]) AND pg_catalog.pg_table_is_visible(pg_catalog.pg_class.oid) AND pg_catalog.pg_namespace.nspname != %(nspname_1)s
2026-09-24 22:13:21,451 | INFO | sqlalchemy.engine.Engine | [cached since 0.007294s ago] {'table_name': 'products', 'param_1': 'r', 'param_2': 'p', 'param_3': 'f', 'param_4': 'v', 'param_5': 'm', 'nspname_1': 'pg_catalog'}
2026-09-24 22:13:21,453 | INFO | sqlalchemy.engine.Engine | COMMIT
2026-09-24 22:14:20,682 | INFO | sqlalchemy.engine.Engine | select pg_catalog.version()
2026-09-24 22:14:20,683 | INFO | sqlalchemy.engine.Engine | [raw sql] {}
2026-09-24 22:14:20,688 | INFO | sqlalchemy.engine.Engine | select current_schema()
2026-09-24 22:14:20,689 | INFO | sqlalchemy.engine.Engine | [raw sql] {}
2026-09-24 22:14:20,690 | INFO | sqlalchemy.engine.Engine | show standard_conforming_strings
2026-09-24 22:14:20,691 | INFO | sqlalchemy.engine.Engine | [raw sql] {}
2026-09-24 22:14:20,692 | INFO | sqlalchemy.engine.Engine | BEGIN (implicit)
2026-09-24 22:14:20,701 | INFO | sqlalchemy.engine.Engine | SELECT pg_catalog.pg_class.relname 
FROM pg_catalog.pg_class JOIN pg_catalog.pg_namespace ON pg_catalog.pg_namespace.oid = pg_catalog.pg_class.relnamespace 
WHERE pg_catalog.pg_class.relname = %(table_name)s AND pg_catalog.pg_class.relkind = ANY (ARRAY[%(param_1)s, %(param_2)s, %(param_3)s, %(param_4)s, %(param_5)s]) AND pg_catalog.pg_table_is_visible(pg_catalog.pg_class.oid) AND pg_catalog.pg_namespace.nspname != %(nspname_1)s
2026-09-24 22:14:20,702 | INFO | sqlalchemy.engine.Engine | [generated in 0.00159s] {'table_name': 'users', 'param_1': 'r', 'param_2': 'p', 'param_3': 'f', 'param_4': 'v', 'param_5': 'm', 'nspname_1': 'pg_catalog'}
2026-09-24 22:14:20,711 | INFO | sqlalchemy.engine.Engine | SELECT pg_catalog.pg_class.relname 
FROM pg_catalog.pg_class JOIN pg_catalog.pg_namespace ON pg_catalog.pg_namespace.oid = pg_catalog.pg_class.relnamespace 
WHERE pg_catalog.pg_class.relname = %(table_name)s AND pg_catalog.pg_class.relkind = ANY (ARRAY[%(param_1)s, %(param_2)s, %(param_3)s, %(param_4)s, %(param_5)s]) AND pg_catalog.pg_table_is_visible(pg_catalog.pg_class.oid) AND pg_catalog.pg_namespace.nspname != %(nspname_1)s
2026-09-24 22:14:20,711 | INFO | sqlalchemy.engine.Engine | [cached since 0.0112s ago] {'table_name': 'products', 'param_1': 'r', 'param_2': 'p', 'param_3': 'f', 'param_4': 'v', 'param_5': 'm', 'nspname_1': 'pg_catalog'}
2026-09-24 22:14:20,712 | INFO | sqlalchemy.engine.Engine | COMMIT
2026-09-24 22:14:28,526 | INFO | sqlalchemy.engine.Engine | select pg_catalog.version()
2026-09-24 22:14:28,527 | INFO | sqlalchemy.engine.Engine | [raw sql] {}
2026-09-24 22:14:28,529 | INFO | sqlalchemy.engine.Engine | select current_schema()
2026-09-24 22:14:28,529 | INFO | sqlalchemy.engine.Engine | [raw sql] {}
2026-09-24 22:14:28,530 | INFO | sqlalchemy.engine.Engine | show standard_conforming_strings
2026-09-24 22:14:28,530 | INFO | sqlalchemy.engine.Engine | [raw sql] {}
2026-09-24 22:14:28,531 | INFO | sqlalchemy.engine.Engine | BEGIN (implicit)
2026-09-24 22:14:28,535 | INFO | sqlalchemy.engine.Engine | SELECT pg_catalog.pg_class.relname 
FROM pg_catalog.pg_class JOIN pg_catalog.pg_namespace ON pg_catalog.pg_namespace.oid = pg_catalog.pg_class.relnamespace 
WHERE pg_catalog.pg_class.relname = %(table_name)s AND pg_catalog.pg_class.relkind = ANY (ARRAY[%(param_1)s, %(param_2)s, %(param_3)s, %(param_4)s, %(param_5)s]) AND pg_catalog.pg_table_is_visible(pg_catalog.pg_class.oid) AND pg_catalog.pg_namespace.nspname != %(nspname_1)s
2026-09-24 22:14:28,536 | INFO | sqlalchemy.engine.Engine | [generated in 0.00063s] {'table_name': 'users', 'param_1': 'r', 'param_2': 'p', 'param_3': 'f', 'param_4': 'v', 'param_5': 'm', 'nspname_1': 'pg_catalog'}
2026-09-24 22:14:28,543 | INFO | sqlalchemy.engine.Engine | SELECT pg_catalog.pg_class.relname 
FROM pg_catalog.pg_class JOIN pg_catalog.pg_namespace ON pg_catalog.pg_namespace.oid = pg_catalog.pg_class.relnamespace 
WHERE pg_catalog.pg_class.relname = %(table_name)s AND pg_catalog.pg_class.relkind = ANY (ARRAY[%(param_1)s, %(param_2)s, %(param_3)s, %(param_4)s, %(param_5)s]) AND pg_catalog.pg_table_is_visible(pg_catalog.pg_class.oid) AND pg_catalog.pg_namespace.nspname != %(nspname_1)s
2026-09-24 22:14:28,544 | INFO | sqlalchemy.engine.Engine | [cached since 0.008821s ago] {'table_name': 'products', 'param_1': 'r', 'param_2': 'p', 'param_3': 'f', 'param_4': 'v', 'param_5': 'm', 'nspname_1': 'pg_catalog'}
2026-09-24 22:14:28,545 | INFO | sqlalchemy.engine.Engine | COMMIT
2026-09-24 22:14:39,599 | INFO | sqlalchemy.engine.Engine | select pg_catalog.version()
2026-09-24 22:14:39,622 | INFO | sqlalchemy.engine.Engine | [raw sql] {}
2026-09-24 22:14:39,643 | INFO | sqlalchemy.engine.Engine | select current_schema()
2026-09-24 22:14:39,659 | INFO | sqlalchemy.engine.Engine | [raw sql] {}
2026-09-24 22:14:39,672 | INFO | sqlalchemy.engine.Engine | show standard_conforming_strings
2026-09-24 22:14:39,722 | INFO | sqlalchemy.engine.Engine | [raw sql] {}
2026-09-24 22:14:39,742 | INFO | sqlalchemy.engine.Engine | BEGIN (implicit)
2026-09-24 22:14:39,789 | INFO | sqlalchemy.engine.Engine | SELECT pg_catalog.pg_class.relname 
FROM pg_catalog.pg_class JOIN pg_catalog.pg_namespace ON pg_catalog.pg_namespace.oid = pg_catalog.pg_class.relnamespace 
WHERE pg_catalog.pg_class.relname = %(table_name)s AND pg_catalog.pg_class.relkind = ANY (ARRAY[%(param_1)s, %(param_2)s, %(param_3)s, %(param_4)s, %(param_5)s]) AND pg_catalog.pg_table_is_visible(pg_catalog.pg_class.oid) AND pg_catalog.pg_namespace.nspname != %(nspname_1)s
2026-09-24 22:14:39,876 | INFO | sqlalchemy.engine.Engine | [generated in 0.05286s] {'table_name': 'users', 'param_1': 'r', 'param_2': 'p', 'param_3': 'f', 'param_4': 'v', 'param_5': 'm', 'nspname_1': 'pg_catalog'}
2026-09-24 22:14:39,906 | INFO | sqlalchemy.engine.Engine | SELECT pg_catalog.pg_class.relname 
FROM pg_catalog.pg_class JOIN pg_catalog.pg_namespace ON pg_catalog.pg_namespace.oid = pg_catalog.pg_class.relnamespace 
WHERE pg_catalog.pg_class.relname = %(table_name)s AND pg_catalog.pg_class.relkind = ANY (ARRAY[%(param_1)s, %(param_2)s, %(param_3)s, %(param_4)s, %(param_5)s]) AND pg_catalog.pg_table_is_visible(pg_catalog.pg_class.oid) AND pg_catalog.pg_namespace.nspname != %(nspname_1)s
2026-09-24 22:14:39,937 | INFO | sqlalchemy.engine.Engine | [cached since 0.1477s ago] {'table_name': 'products', 'param_1': 'r', 'param_2': 'p', 'param_3': 'f', 'param_4': 'v', 'param_5': 'm', 'nspname_1': 'pg_catalog'}
2026-09-24 22:14:39,942 | INFO | sqlalchemy.engine.Engine | COMMIT
2026-09-24 22:14:46,830 | INFO | sqlalchemy.engine.Engine | select pg_catalog.version()
2026-09-24 22:14:46,830 | INFO | sqlalchemy.engine.Engine | [raw sql] {}
2026-09-24 22:14:46,831 | INFO | sqlalchemy.engine.Engine | select current_schema()
2026-09-24 22:14:46,832 | INFO | sqlalchemy.engine.Engine | [raw sql] {}
2026-09-24 22:14:46,832 | INFO | sqlalchemy.engine.Engine | show standard_conforming_strings
2026-09-24 22:14:46,833 | INFO | sqlalchemy.engine.Engine | [raw sql] {}
2026-09-24 22:14:46,833 | INFO | sqlalchemy.engine.Engine | BEGIN (implicit)
2026-09-24 22:14:46,838 | INFO | sqlalchemy.engine.Engine | SELECT pg_catalog.pg_class.relname 
FROM pg_catalog.pg_class JOIN pg_catalog.pg_namespace ON pg_catalog.pg_namespace.oid = pg_catalog.pg_class.relnamespace 
WHERE pg_catalog.pg_class.relname = %(table_name)s AND pg_catalog.pg_class.relkind = ANY (ARRAY[%(param_1)s, %(param_2)s, %(param_3)s, %(param_4)s, %(param_5)s]) AND pg_catalog.pg_table_is_visible(pg_catalog.pg_class.oid) AND pg_catalog.pg_namespace.nspname != %(nspname_1)s
2026-09-24 22:14:46,839 | INFO | sqlalchemy.engine.Engine | [generated in 0.00041s] {'table_name': 'users', 'param_1': 'r', 'param_2': 'p', 'param_3': 'f', 'param_4': 'v', 'param_5': 'm', 'nspname_1': 'pg_catalog'}
2026-09-24 22:14:46,846 | INFO | sqlalchemy.engine.Engine | SELECT pg_catalog.pg_class.relname 
FROM pg_catalog.pg_class JOIN pg_catalog.pg_namespace ON pg_catalog.pg_namespace.oid = pg_catalog.pg_class.relnamespace 
WHERE pg_catalog.pg_class.relname = %(table_name)s AND pg_catalog.pg_class.relkind = ANY (ARRAY[%(param_1)s, %(param_2)s, %(param_3)s, %(param_4)s, %(param_5)s]) AND pg_catalog.pg_table_is_visible(pg_catalog.pg_class.oid) AND pg_catalog.pg_namespace.nspname != %(nspname_1)s
2026-09-24 22:14:46,847 | INFO | sqlalchemy.engine.Engine | [cached since 0.008498s ago] {'table_name': 'products', 'param_1': 'r', 'param_2': 'p', 'param_3': 'f', 'param_4': 'v', 'param_5': 'm', 'nspname_1': 'pg_catalog'}
2026-09-24 22:14:46,848 | INFO | sqlalchemy.engine.Engine | COMMIT
